area,year,month,agg_id,total_crimes,knn_predictions
1,2019,1,1700,11,13.0
1,2019,1,1900,90,104.0
1,2019,1,2400,28,23.5
1,2019,1,300,216,187.0
1,2019,1,400,73,61.5
1,2019,1,725,57,63.5
1,2019,1,750,127,121.0
1,2019,1,775,293,237.5
1,2019,1,800,31,36.5
1,2019,1,850,72,56.0
1,2019,2,1700,4,5.0
1,2019,2,1900,80,104.0
1,2019,2,2400,22,23.5
1,2019,2,300,198,173.0
1,2019,2,400,50,61.5
1,2019,2,725,57,49.0
1,2019,2,750,114,113.5
1,2019,2,775,298,183.5
1,2019,2,800,26,25.5
1,2019,2,850,34,54.5
1,2019,3,1700,3,6.0
1,2019,3,1900,108,105.0
1,2019,3,2400,28,23.0
1,2019,3,300,204,203.0
1,2019,3,400,61,79.0
1,2019,3,725,62,58.5
1,2019,3,750,114,124.0
1,2019,3,775,286,257.0
1,2019,3,800,21,18.0
1,2019,3,850,76,65.5
1,2019,4,1700,9,10.5
1,2019,4,1900,111,99.5
1,2019,4,2400,37,31.5
1,2019,4,300,190,185.0
1,2019,4,400,82,67.0
1,2019,4,725,49,52.5
1,2019,4,750,134,127.5
1,2019,4,775,287,219.0
1,2019,4,800,22,27.5
1,2019,4,850,73,64.5
1,2019,5,1700,13,12.5
1,2019,5,1900,118,100.0
1,2019,5,2400,42,38.5
1,2019,5,300,231,188.5
1,2019,5,400,85,73.5
1,2019,5,725,66,50.5
1,2019,5,750,147,136.5
1,2019,5,775,276,248.5
1,2019,5,800,20,27.0
1,2019,5,850,64,64.0
1,2019,6,1700,8,12.5
1,2019,6,1900,109,100.0
1,2019,6,2400,33,35.0
1,2019,6,300,263,254.5
1,2019,6,400,75,91.5
1,2019,6,725,65,55.0
1,2019,6,750,160,147.5
1,2019,6,775,302,269.5
1,2019,6,800,14,22.5
1,2019,6,850,75,55.0
1,2019,7,1700,11,10.5
1,2019,7,1900,123,91.5
1,2019,7,2400,30,23.5
1,2019,7,300,206,204.5
1,2019,7,400,83,94.0
1,2019,7,725,61,71.5
1,2019,7,750,144,131.0
1,2019,7,775,343,278.0
1,2019,7,800,22,23.0
1,2019,7,850,42,75.0
1,2019,8,1700,8,13.0
1,2019,8,1900,103,105.0
1,2019,8,2400,33,22.5
1,2019,8,300,257,209.5
1,2019,8,400,83,94.5
1,2019,8,725,69,76.0
1,2019,8,750,149,130.5
1,2019,8,775,301,242.5
1,2019,8,800,24,25.0
1,2019,8,850,91,61.0
1,2019,9,1700,18,13.5
1,2019,9,1900,109,96.0
1,2019,9,2400,17,31.5
1,2019,9,300,234,208.0
1,2019,9,400,81,91.5
1,2019,9,725,60,56.0
1,2019,9,750,139,124.0
1,2019,9,775,245,245.0
1,2019,9,800,16,20.0
1,2019,9,850,74,64.0
1,2019,10,1700,2,9.5
1,2019,10,1900,103,104.0
1,2019,10,2400,22,34.0
1,2019,10,300,227,223.5
1,2019,10,400,87,98.0
1,2019,10,725,60,61.0
1,2019,10,750,137,152.5
1,2019,10,775,289,279.5
1,2019,10,800,19,20.0
1,2019,10,850,75,71.5
1,2019,11,1700,3,8.5
1,2019,11,1900,81,115.5
1,2019,11,2400,24,25.0
1,2019,11,300,196,192.5
1,2019,11,400,73,88.0
1,2019,11,725,57,68.0
1,2019,11,750,164,144.0
1,2019,11,775,300,270.5
1,2019,11,800,19,18.5
1,2019,11,850,63,63.5
1,2019,12,1700,11,7.0
1,2019,12,1900,103,102.5
1,2019,12,2400,31,26.0
1,2019,12,300,208,206.0
1,2019,12,400,90,76.5
1,2019,12,725,74,68.0
1,2019,12,750,192,171.5
1,2019,12,775,269,282.5
1,2019,12,800,24,26.0
1,2019,12,850,81,63.0
2,2019,1,1700,17,13.0
2,2019,1,1900,63,89.5
2,2019,1,2400,20,23.5
2,2019,1,300,139,136.0
2,2019,1,400,64,64.0
2,2019,1,725,55,57.5
2,2019,1,750,111,116.5
2,2019,1,775,127,126.5
2,2019,1,800,27,40.0
2,2019,1,850,66,68.5
2,2019,2,1700,9,8.0
2,2019,2,1900,77,74.0
2,2019,2,2400,17,17.5
2,2019,2,300,112,118.5
2,2019,2,400,60,42.5
2,2019,2,725,56,46.5
2,2019,2,750,112,110.5
2,2019,2,775,130,113.0
2,2019,2,800,21,23.0
2,2019,2,850,65,62.0
2,2019,3,1700,21,13.0
2,2019,3,1900,85,75.5
2,2019,3,2400,16,19.5
2,2019,3,300,139,127.0
2,2019,3,400,68,53.5
2,2019,3,725,61,54.5
2,2019,3,750,95,97.0
2,2019,3,775,137,136.0
2,2019,3,800,23,26.0
2,2019,3,850,66,64.5
2,2019,4,1700,17,16.5
2,2019,4,1900,67,79.5
2,2019,4,2400,14,22.0
2,2019,4,300,107,153.0
2,2019,4,400,59,54.0
2,2019,4,725,50,51.5
2,2019,4,750,95,93.5
2,2019,4,775,131,117.0
2,2019,4,800,25,23.5
2,2019,4,850,68,63.5
2,2019,5,1700,24,16.5
2,2019,5,1900,77,85.5
2,2019,5,2400,15,26.0
2,2019,5,300,142,144.0
2,2019,5,400,57,50.0
2,2019,5,725,44,53.5
2,2019,5,750,91,96.5
2,2019,5,775,143,157.5
2,2019,5,800,27,28.0
2,2019,5,850,62,62.0
2,2019,6,1700,24,19.5
2,2019,6,1900,100,82.0
2,2019,6,2400,28,28.5
2,2019,6,300,151,145.5
2,2019,6,400,63,63.5
2,2019,6,725,42,56.5
2,2019,6,750,87,92.0
2,2019,6,775,136,140.5
2,2019,6,800,14,29.5
2,2019,6,850,52,71.0
2,2019,7,1700,23,21.5
2,2019,7,1900,81,81.5
2,2019,7,2400,29,24.5
2,2019,7,300,156,152.0
2,2019,7,400,80,75.5
2,2019,7,725,53,63.5
2,2019,7,750,87,105.5
2,2019,7,775,131,141.5
2,2019,7,800,29,21.0
2,2019,7,850,56,59.0
2,2019,8,1700,18,21.5
2,2019,8,1900,83,79.0
2,2019,8,2400,27,24.5
2,2019,8,300,159,138.5
2,2019,8,400,79,65.5
2,2019,8,725,58,62.5
2,2019,8,750,99,107.5
2,2019,8,775,152,133.0
2,2019,8,800,18,26.0
2,2019,8,850,65,65.0
2,2019,9,1700,17,20.0
2,2019,9,1900,79,72.0
2,2019,9,2400,17,24.5
2,2019,9,300,146,140.0
2,2019,9,400,71,62.5
2,2019,9,725,66,53.5
2,2019,9,750,87,79.5
2,2019,9,775,126,132.0
2,2019,9,800,27,24.5
2,2019,9,850,60,61.5
2,2019,10,1700,17,14.5
2,2019,10,1900,73,68.0
2,2019,10,2400,21,17.0
2,2019,10,300,127,136.5
2,2019,10,400,67,69.0
2,2019,10,725,61,50.5
2,2019,10,750,106,101.0
2,2019,10,775,141,125.5
2,2019,10,800,22,22.5
2,2019,10,850,60,76.5
2,2019,11,1700,12,16.0
2,2019,11,1900,79,79.0
2,2019,11,2400,19,16.5
2,2019,11,300,116,117.0
2,2019,11,400,57,52.5
2,2019,11,725,54,52.0
2,2019,11,750,96,106.0
2,2019,11,775,131,138.0
2,2019,11,800,18,17.0
2,2019,11,850,57,83.5
2,2019,12,1700,14,18.0
2,2019,12,1900,76,83.0
2,2019,12,2400,20,19.5
2,2019,12,300,122,112.5
2,2019,12,400,77,62.0
2,2019,12,725,52,47.0
2,2019,12,750,97,122.5
2,2019,12,775,146,135.5
2,2019,12,800,20,25.0
2,2019,12,850,71,79.5
3,2019,1,1700,24,24.5
3,2019,1,1900,109,90.5
3,2019,1,2400,42,33.5
3,2019,1,300,186,163.5
3,2019,1,400,75,81.0
3,2019,1,725,67,68.0
3,2019,1,750,151,145.0
3,2019,1,775,245,213.5
3,2019,1,800,59,56.5
3,2019,1,850,137,120.0
3,2019,2,1700,20,21.0
3,2019,2,1900,102,81.0
3,2019,2,2400,41,35.0
3,2019,2,300,136,139.5
3,2019,2,400,77,71.0
3,2019,2,725,56,60.0
3,2019,2,750,110,134.0
3,2019,2,775,231,224.5
3,2019,2,800,56,38.0
3,2019,2,850,107,125.5
3,2019,3,1700,29,21.5
3,2019,3,1900,143,102.5
3,2019,3,2400,37,31.0
3,2019,3,300,211,158.5
3,2019,3,400,81,96.5
3,2019,3,725,50,65.0
3,2019,3,750,116,133.5
3,2019,3,775,229,240.0
3,2019,3,800,35,51.0
3,2019,3,850,101,105.0
3,2019,4,1700,26,26.0
3,2019,4,1900,115,114.5
3,2019,4,2400,38,39.5
3,2019,4,300,166,155.5
3,2019,4,400,88,92.0
3,2019,4,725,70,69.0
3,2019,4,750,111,144.0
3,2019,4,775,196,239.0
3,2019,4,800,28,42.0
3,2019,4,850,117,110.5
3,2019,5,1700,19,22.5
3,2019,5,1900,106,106.5
3,2019,5,2400,31,35.0
3,2019,5,300,207,162.5
3,2019,5,400,101,100.0
3,2019,5,725,69,76.0
3,2019,5,750,109,138.5
3,2019,5,775,225,245.0
3,2019,5,800,47,47.0
3,2019,5,850,95,100.5
3,2019,6,1700,30,20.5
3,2019,6,1900,94,102.0
3,2019,6,2400,20,30.5
3,2019,6,300,195,192.0
3,2019,6,400,92,96.0
3,2019,6,725,55,73.5
3,2019,6,750,105,137.0
3,2019,6,775,196,217.0
3,2019,6,800,40,46.0
3,2019,6,850,69,101.5
3,2019,7,1700,24,27.5
3,2019,7,1900,110,108.0
3,2019,7,2400,24,38.0
3,2019,7,300,169,189.5
3,2019,7,400,76,112.0
3,2019,7,725,53,81.0
3,2019,7,750,122,143.0
3,2019,7,775,228,221.5
3,2019,7,800,38,38.0
3,2019,7,850,97,128.5
3,2019,8,1700,22,32.5
3,2019,8,1900,104,122.5
3,2019,8,2400,34,42.0
3,2019,8,300,175,200.0
3,2019,8,400,92,98.5
3,2019,8,725,41,72.0
3,2019,8,750,112,154.5
3,2019,8,775,229,253.5
3,2019,8,800,40,48.0
3,2019,8,850,105,135.0
3,2019,9,1700,19,31.5
3,2019,9,1900,113,125.5
3,2019,9,2400,40,36.0
3,2019,9,300,192,196.5
3,2019,9,400,90,91.5
3,2019,9,725,57,68.5
3,2019,9,750,97,138.5
3,2019,9,775,269,230.0
3,2019,9,800,39,38.5
3,2019,9,850,116,137.5
3,2019,10,1700,18,31.5
3,2019,10,1900,105,118.0
3,2019,10,2400,18,32.0
3,2019,10,300,201,187.5
3,2019,10,400,81,95.0
3,2019,10,725,75,75.0
3,2019,10,750,135,156.0
3,2019,10,775,211,247.5
3,2019,10,800,35,46.5
3,2019,10,850,144,139.5
3,2019,11,1700,20,25.5
3,2019,11,1900,93,113.5
3,2019,11,2400,30,32.5
3,2019,11,300,168,178.5
3,2019,11,400,79,89.0
3,2019,11,725,54,78.0
3,2019,11,750,125,160.5
3,2019,11,775,215,283.5
3,2019,11,800,31,39.5
3,2019,11,850,121,128.0
3,2019,12,1700,26,22.5
3,2019,12,1900,91,118.0
3,2019,12,2400,26,29.0
3,2019,12,300,161,167.0
3,2019,12,400,69,105.0
3,2019,12,725,64,85.5
3,2019,12,750,128,153.5
3,2019,12,775,251,229.0
3,2019,12,800,37,41.0
3,2019,12,850,121,122.5
4,2019,1,1700,20,32.5
4,2019,1,1900,83,93.0
4,2019,1,2400,16,34.5
4,2019,1,300,102,109.0
4,2019,1,400,47,48.0
4,2019,1,725,31,29.5
4,2019,1,750,86,84.0
4,2019,1,775,140,127.0
4,2019,1,800,29,41.0
4,2019,1,850,94,113.5
4,2019,2,1700,17,27.5
4,2019,2,1900,93,89.5
4,2019,2,2400,14,35.5
4,2019,2,300,100,112.5
4,2019,2,400,41,37.5
4,2019,2,725,23,25.0
4,2019,2,750,84,74.5
4,2019,2,775,110,98.0
4,2019,2,800,30,23.5
4,2019,2,850,89,111.0
4,2019,3,1700,30,25.5
4,2019,3,1900,113,94.5
4,2019,3,2400,21,28.5
4,2019,3,300,127,124.5
4,2019,3,400,59,71.0
4,2019,3,725,32,25.0
4,2019,3,750,76,88.5
4,2019,3,775,124,95.0
4,2019,3,800,22,30.5
4,2019,3,850,97,96.5
4,2019,4,1700,39,28.0
4,2019,4,1900,113,90.0
4,2019,4,2400,17,25.5
4,2019,4,300,121,126.5
4,2019,4,400,54,55.0
4,2019,4,725,21,26.0
4,2019,4,750,80,75.0
4,2019,4,775,104,121.0
4,2019,4,800,17,24.0
4,2019,4,850,99,102.0
4,2019,5,1700,27,26.5
4,2019,5,1900,86,74.0
4,2019,5,2400,26,25.0
4,2019,5,300,117,133.5
4,2019,5,400,50,62.0
4,2019,5,725,29,28.5
4,2019,5,750,85,78.5
4,2019,5,775,122,120.5
4,2019,5,800,28,27.0
4,2019,5,850,68,103.0
4,2019,6,1700,30,22.5
4,2019,6,1900,100,81.0
4,2019,6,2400,17,18.5
4,2019,6,300,107,120.5
4,2019,6,400,61,60.5
4,2019,6,725,20,27.5
4,2019,6,750,92,77.5
4,2019,6,775,96,121.5
4,2019,6,800,22,26.5
4,2019,6,850,62,91.5
4,2019,7,1700,34,29.0
4,2019,7,1900,95,94.0
4,2019,7,2400,17,19.5
4,2019,7,300,130,136.0
4,2019,7,400,64,61.0
4,2019,7,725,29,34.5
4,2019,7,750,59,86.0
4,2019,7,775,99,112.5
4,2019,7,800,22,22.5
4,2019,7,850,60,94.0
4,2019,8,1700,29,33.0
4,2019,8,1900,74,92.5
4,2019,8,2400,13,18.5
4,2019,8,300,118,150.0
4,2019,8,400,62,65.0
4,2019,8,725,16,32.0
4,2019,8,750,58,78.0
4,2019,8,775,100,122.0
4,2019,8,800,19,28.5
4,2019,8,850,74,85.0
4,2019,9,1700,26,30.0
4,2019,9,1900,68,78.5
4,2019,9,2400,23,16.5
4,2019,9,300,110,146.5
4,2019,9,400,54,41.5
4,2019,9,725,25,26.5
4,2019,9,750,72,72.0
4,2019,9,775,105,119.5
4,2019,9,800,30,21.0
4,2019,9,850,62,88.5
4,2019,10,1700,44,31.0
4,2019,10,1900,75,86.5
4,2019,10,2400,18,20.0
4,2019,10,300,120,126.5
4,2019,10,400,44,52.0
4,2019,10,725,28,36.0
4,2019,10,750,69,88.0
4,2019,10,775,95,109.5
4,2019,10,800,15,17.0
4,2019,10,850,66,108.0
4,2019,11,1700,25,33.0
4,2019,11,1900,56,97.5
4,2019,11,2400,17,22.0
4,2019,11,300,111,104.5
4,2019,11,400,51,63.0
4,2019,11,725,32,31.0
4,2019,11,750,79,87.0
4,2019,11,775,126,125.0
4,2019,11,800,19,25.0
4,2019,11,850,91,90.5
4,2019,12,1700,28,30.0
4,2019,12,1900,90,90.0
4,2019,12,2400,9,19.5
4,2019,12,300,114,102.0
4,2019,12,400,40,49.0
4,2019,12,725,18,27.0
4,2019,12,750,88,90.5
4,2019,12,775,106,138.0
4,2019,12,800,11,21.0
4,2019,12,850,89,85.5
5,2019,1,1700,22,29.0
5,2019,1,1900,70,83.5
5,2019,1,2400,15,18.0
5,2019,1,300,83,112.0
5,2019,1,400,65,53.0
5,2019,1,725,27,30.5
5,2019,1,750,72,104.0
5,2019,1,775,119,139.0
5,2019,1,800,24,40.5
5,2019,1,850,74,79.5
5,2019,2,1700,17,20.5
5,2019,2,1900,59,78.0
5,2019,2,2400,10,15.5
5,2019,2,300,78,104.5
5,2019,2,400,54,44.0
5,2019,2,725,15,27.0
5,2019,2,750,94,83.5
5,2019,2,775,121,119.0
5,2019,2,800,20,29.0
5,2019,2,850,64,81.5
5,2019,3,1700,28,22.0
5,2019,3,1900,77,69.5
5,2019,3,2400,12,15.5
5,2019,3,300,115,114.5
5,2019,3,400,63,48.0
5,2019,3,725,20,24.5
5,2019,3,750,84,107.5
5,2019,3,775,116,149.0
5,2019,3,800,24,35.5
5,2019,3,850,74,77.5
5,2019,4,1700,21,26.5
5,2019,4,1900,71,76.0
5,2019,4,2400,20,30.0
5,2019,4,300,104,114.5
5,2019,4,400,45,46.5
5,2019,4,725,27,31.0
5,2019,4,750,69,121.0
5,2019,4,775,129,145.5
5,2019,4,800,23,31.5
5,2019,4,850,66,96.0
5,2019,5,1700,16,23.5
5,2019,5,1900,78,87.5
5,2019,5,2400,26,25.5
5,2019,5,300,115,129.0
5,2019,5,400,67,69.0
5,2019,5,725,28,29.5
5,2019,5,750,89,107.0
5,2019,5,775,124,149.5
5,2019,5,800,21,31.0
5,2019,5,850,69,96.0
5,2019,6,1700,18,24.0
5,2019,6,1900,76,85.5
5,2019,6,2400,21,25.0
5,2019,6,300,109,121.5
5,2019,6,400,61,52.5
5,2019,6,725,42,26.5
5,2019,6,750,74,104.0
5,2019,6,775,128,149.0
5,2019,6,800,32,29.0
5,2019,6,850,74,86.5
5,2019,7,1700,29,19.0
5,2019,7,1900,81,81.0
5,2019,7,2400,27,21.5
5,2019,7,300,116,114.5
5,2019,7,400,73,57.0
5,2019,7,725,32,27.0
5,2019,7,750,78,110.5
5,2019,7,775,143,141.5
5,2019,7,800,26,33.0
5,2019,7,850,76,82.5
5,2019,8,1700,26,19.0
5,2019,8,1900,90,78.5
5,2019,8,2400,25,12.5
5,2019,8,300,161,123.5
5,2019,8,400,72,61.5
5,2019,8,725,29,33.5
5,2019,8,750,86,110.5
5,2019,8,775,157,153.5
5,2019,8,800,32,38.0
5,2019,8,850,86,73.5
5,2019,9,1700,17,17.0
5,2019,9,1900,73,75.0
5,2019,9,2400,18,11.5
5,2019,9,300,120,112.0
5,2019,9,400,61,59.5
5,2019,9,725,20,24.5
5,2019,9,750,95,102.0
5,2019,9,775,109,129.0
5,2019,9,800,23,26.0
5,2019,9,850,60,94.0
5,2019,10,1700,33,17.5
5,2019,10,1900,93,74.5
5,2019,10,2400,13,15.5
5,2019,10,300,146,120.0
5,2019,10,400,61,43.5
5,2019,10,725,27,33.5
5,2019,10,750,92,100.0
5,2019,10,775,138,136.0
5,2019,10,800,16,27.5
5,2019,10,850,90,92.5
5,2019,11,1700,22,17.0
5,2019,11,1900,64,72.0
5,2019,11,2400,13,11.5
5,2019,11,300,112,91.5
5,2019,11,400,50,58.5
5,2019,11,725,15,19.0
5,2019,11,750,71,91.0
5,2019,11,775,116,114.0
5,2019,11,800,19,21.5
5,2019,11,850,74,106.0
5,2019,12,1700,21,16.5
5,2019,12,1900,71,67.5
5,2019,12,2400,13,16.0
5,2019,12,300,105,99.0
5,2019,12,400,57,58.5
5,2019,12,725,21,23.5
5,2019,12,750,74,107.0
5,2019,12,775,149,125.0
5,2019,12,800,18,29.0
5,2019,12,850,72,91.5
6,2019,1,1700,7,14.5
6,2019,1,1900,91,94.5
6,2019,1,2400,13,16.0
6,2019,1,300,131,130.0
6,2019,1,400,49,55.5
6,2019,1,725,41,52.5
6,2019,1,750,142,145.0
6,2019,1,775,209,205.5
6,2019,1,800,52,58.0
6,2019,1,850,47,70.5
6,2019,2,1700,14,11.0
6,2019,2,1900,80,70.5
6,2019,2,2400,16,15.5
6,2019,2,300,85,118.5
6,2019,2,400,43,42.5
6,2019,2,725,43,44.5
6,2019,2,750,116,134.0
6,2019,2,775,224,173.5
6,2019,2,800,40,46.5
6,2019,2,850,41,50.5
6,2019,3,1700,13,17.5
6,2019,3,1900,88,84.5
6,2019,3,2400,15,18.5
6,2019,3,300,124,129.0
6,2019,3,400,58,48.0
6,2019,3,725,44,39.0
6,2019,3,750,145,124.0
6,2019,3,775,216,207.5
6,2019,3,800,46,48.0
6,2019,3,850,31,56.0
6,2019,4,1700,8,14.5
6,2019,4,1900,105,94.0
6,2019,4,2400,14,19.0
6,2019,4,300,126,120.0
6,2019,4,400,44,42.0
6,2019,4,725,41,38.0
6,2019,4,750,148,128.0
6,2019,4,775,202,173.5
6,2019,4,800,32,44.5
6,2019,4,850,44,47.5
6,2019,5,1700,13,21.0
6,2019,5,1900,83,93.0
6,2019,5,2400,17,21.0
6,2019,5,300,147,143.0
6,2019,5,400,54,39.5
6,2019,5,725,29,46.0
6,2019,5,750,152,148.5
6,2019,5,775,222,189.5
6,2019,5,800,34,47.0
6,2019,5,850,40,54.0
6,2019,6,1700,12,11.5
6,2019,6,1900,109,110.0
6,2019,6,2400,16,19.5
6,2019,6,300,153,129.5
6,2019,6,400,58,50.5
6,2019,6,725,53,38.0
6,2019,6,750,145,157.5
6,2019,6,775,217,201.5
6,2019,6,800,32,38.0
6,2019,6,850,53,63.5
6,2019,7,1700,12,8.5
6,2019,7,1900,101,118.5
6,2019,7,2400,33,13.5
6,2019,7,300,163,145.0
6,2019,7,400,60,59.0
6,2019,7,725,66,52.5
6,2019,7,750,134,165.5
6,2019,7,775,249,205.5
6,2019,7,800,31,38.5
6,2019,7,850,44,63.0
6,2019,8,1700,11,7.5
6,2019,8,1900,98,111.0
6,2019,8,2400,13,16.0
6,2019,8,300,134,141.5
6,2019,8,400,49,53.5
6,2019,8,725,41,42.5
6,2019,8,750,126,178.0
6,2019,8,775,229,197.5
6,2019,8,800,35,42.5
6,2019,8,850,43,57.0
6,2019,9,1700,15,9.5
6,2019,9,1900,95,99.0
6,2019,9,2400,18,17.0
6,2019,9,300,152,117.5
6,2019,9,400,53,55.0
6,2019,9,725,51,44.5
6,2019,9,750,129,158.5
6,2019,9,775,209,209.0
6,2019,9,800,38,36.5
6,2019,9,850,43,58.0
6,2019,10,1700,9,12.0
6,2019,10,1900,85,93.5
6,2019,10,2400,20,20.5
6,2019,10,300,151,155.0
6,2019,10,400,51,69.5
6,2019,10,725,52,48.0
6,2019,10,750,136,155.0
6,2019,10,775,253,225.0
6,2019,10,800,23,38.5
6,2019,10,850,56,64.5
6,2019,11,1700,15,8.5
6,2019,11,1900,86,94.0
6,2019,11,2400,15,22.5
6,2019,11,300,115,134.5
6,2019,11,400,51,47.5
6,2019,11,725,54,49.5
6,2019,11,750,133,157.0
6,2019,11,775,205,216.0
6,2019,11,800,31,41.0
6,2019,11,850,54,49.5
6,2019,12,1700,13,5.5
6,2019,12,1900,81,87.0
6,2019,12,2400,17,19.5
6,2019,12,300,126,143.0
6,2019,12,400,50,54.5
6,2019,12,725,57,49.0
6,2019,12,750,153,168.5
6,2019,12,775,196,236.0
6,2019,12,800,36,34.0
6,2019,12,850,69,54.0
7,2019,1,1700,16,10.0
7,2019,1,1900,80,94.0
7,2019,1,2400,16,14.5
7,2019,1,300,73,89.5
7,2019,1,400,35,31.0
7,2019,1,725,40,34.0
7,2019,1,750,123,151.0
7,2019,1,775,216,187.0
7,2019,1,800,38,52.0
7,2019,1,850,49,59.5
7,2019,2,1700,8,12.5
7,2019,2,1900,72,77.5
7,2019,2,2400,15,23.5
7,2019,2,300,105,85.5
7,2019,2,400,22,26.5
7,2019,2,725,28,24.5
7,2019,2,750,176,136.0
7,2019,2,775,173,172.5
7,2019,2,800,28,38.0
7,2019,2,850,47,47.0
7,2019,3,1700,21,16.0
7,2019,3,1900,57,86.0
7,2019,3,2400,19,21.0
7,2019,3,300,118,105.5
7,2019,3,400,30,38.5
7,2019,3,725,35,33.0
7,2019,3,750,141,165.5
7,2019,3,775,201,201.5
7,2019,3,800,34,44.0
7,2019,3,850,45,54.5
7,2019,4,1700,16,8.0
7,2019,4,1900,75,103.5
7,2019,4,2400,21,18.5
7,2019,4,300,106,81.0
7,2019,4,400,44,33.0
7,2019,4,725,38,39.0
7,2019,4,750,192,161.0
7,2019,4,775,198,185.0
7,2019,4,800,30,34.0
7,2019,4,850,56,65.0
7,2019,5,1700,15,11.5
7,2019,5,1900,65,81.5
7,2019,5,2400,17,19.5
7,2019,5,300,113,81.5
7,2019,5,400,37,37.5
7,2019,5,725,38,41.0
7,2019,5,750,212,150.5
7,2019,5,775,221,198.0
7,2019,5,800,35,44.5
7,2019,5,850,56,48.0
7,2019,6,1700,21,14.5
7,2019,6,1900,79,107.5
7,2019,6,2400,22,16.0
7,2019,6,300,114,98.5
7,2019,6,400,35,33.0
7,2019,6,725,26,33.5
7,2019,6,750,208,157.5
7,2019,6,775,229,211.5
7,2019,6,800,42,41.0
7,2019,6,850,57,65.0
7,2019,7,1700,14,10.5
7,2019,7,1900,65,103.0
7,2019,7,2400,12,21.5
7,2019,7,300,103,111.5
7,2019,7,400,38,43.0
7,2019,7,725,32,42.0
7,2019,7,750,171,188.5
7,2019,7,775,246,194.0
7,2019,7,800,38,34.5
7,2019,7,850,48,57.5
7,2019,8,1700,27,16.5
7,2019,8,1900,76,100.5
7,2019,8,2400,18,25.0
7,2019,8,300,112,97.0
7,2019,8,400,44,44.0
7,2019,8,725,39,38.0
7,2019,8,750,183,180.5
7,2019,8,775,217,202.5
7,2019,8,800,31,40.0
7,2019,8,850,44,58.0
7,2019,9,1700,15,14.0
7,2019,9,1900,90,85.0
7,2019,9,2400,20,21.0
7,2019,9,300,98,97.0
7,2019,9,400,27,27.0
7,2019,9,725,28,41.5
7,2019,9,750,194,175.0
7,2019,9,775,207,200.5
7,2019,9,800,34,33.5
7,2019,9,850,50,69.5
7,2019,10,1700,15,9.0
7,2019,10,1900,68,93.0
7,2019,10,2400,19,21.5
7,2019,10,300,123,99.5
7,2019,10,400,30,35.0
7,2019,10,725,48,31.0
7,2019,10,750,158,181.5
7,2019,10,775,231,213.0
7,2019,10,800,41,33.0
7,2019,10,850,57,61.0
7,2019,11,1700,14,10.0
7,2019,11,1900,62,88.0
7,2019,11,2400,30,22.0
7,2019,11,300,76,99.5
7,2019,11,400,27,39.5
7,2019,11,725,26,38.0
7,2019,11,750,197,198.5
7,2019,11,775,249,207.0
7,2019,11,800,34,39.0
7,2019,11,850,53,61.5
7,2019,12,1700,7,12.0
7,2019,12,1900,70,78.0
7,2019,12,2400,12,17.5
7,2019,12,300,81,90.5
7,2019,12,400,35,25.0
7,2019,12,725,35,36.0
7,2019,12,750,213,215.5
7,2019,12,775,256,210.5
7,2019,12,800,35,42.0
7,2019,12,850,60,61.0
8,2019,1,1700,5,10.0
8,2019,1,1900,61,75.5
8,2019,1,2400,9,15.5
8,2019,1,300,58,64.5
8,2019,1,400,20,18.5
8,2019,1,725,16,21.0
8,2019,1,750,192,180.5
8,2019,1,775,181,197.5
8,2019,1,800,51,65.0
8,2019,1,850,56,60.5
8,2019,2,1700,7,13.5
8,2019,2,1900,56,75.0
8,2019,2,2400,10,21.5
8,2019,2,300,74,68.0
8,2019,2,400,14,16.5
8,2019,2,725,16,22.5
8,2019,2,750,175,165.0
8,2019,2,775,149,170.0
8,2019,2,800,41,62.0
8,2019,2,850,56,56.5
8,2019,3,1700,10,20.5
8,2019,3,1900,70,69.5
8,2019,3,2400,27,19.5
8,2019,3,300,80,75.0
8,2019,3,400,23,11.0
8,2019,3,725,14,19.5
8,2019,3,750,134,190.5
8,2019,3,775,199,179.5
8,2019,3,800,40,60.0
8,2019,3,850,62,64.5
8,2019,4,1700,10,10.0
8,2019,4,1900,61,85.0
8,2019,4,2400,27,28.0
8,2019,4,300,72,69.0
8,2019,4,400,21,15.0
8,2019,4,725,15,19.0
8,2019,4,750,147,170.5
8,2019,4,775,166,158.5
8,2019,4,800,49,46.0
8,2019,4,850,54,57.0
8,2019,5,1700,6,8.5
8,2019,5,1900,70,66.0
8,2019,5,2400,20,20.5
8,2019,5,300,79,86.5
8,2019,5,400,16,17.0
8,2019,5,725,14,22.5
8,2019,5,750,201,212.0
8,2019,5,775,177,178.0
8,2019,5,800,52,50.5
8,2019,5,850,49,70.0
8,2019,6,1700,20,14.0
8,2019,6,1900,78,72.0
8,2019,6,2400,12,15.0
8,2019,6,300,87,71.0
8,2019,6,400,12,16.0
8,2019,6,725,13,14.5
8,2019,6,750,193,163.5
8,2019,6,775,205,176.0
8,2019,6,800,60,48.5
8,2019,6,850,50,57.0
8,2019,7,1700,14,14.5
8,2019,7,1900,73,93.5
8,2019,7,2400,31,26.0
8,2019,7,300,82,89.5
8,2019,7,400,23,18.5
8,2019,7,725,19,23.0
8,2019,7,750,162,161.0
8,2019,7,775,167,183.0
8,2019,7,800,43,59.0
8,2019,7,850,71,57.0
8,2019,8,1700,9,20.5
8,2019,8,1900,73,66.0
8,2019,8,2400,14,18.0
8,2019,8,300,75,86.0
8,2019,8,400,21,13.0
8,2019,8,725,20,22.5
8,2019,8,750,154,179.0
8,2019,8,775,167,183.0
8,2019,8,800,46,51.5
8,2019,8,850,46,64.0
8,2019,9,1700,4,15.0
8,2019,9,1900,51,60.5
8,2019,9,2400,15,12.5
8,2019,9,300,89,85.5
8,2019,9,400,15,23.5
8,2019,9,725,15,18.0
8,2019,9,750,137,202.0
8,2019,9,775,192,179.5
8,2019,9,800,48,53.5
8,2019,9,850,47,64.0
8,2019,10,1700,6,9.0
8,2019,10,1900,76,57.5
8,2019,10,2400,14,11.0
8,2019,10,300,111,82.5
8,2019,10,400,16,18.5
8,2019,10,725,20,24.0
8,2019,10,750,133,218.5
8,2019,10,775,211,202.0
8,2019,10,800,46,53.0
8,2019,10,850,56,61.5
8,2019,11,1700,14,9.5
8,2019,11,1900,64,62.0
8,2019,11,2400,18,14.0
8,2019,11,300,78,65.5
8,2019,11,400,22,22.5
8,2019,11,725,13,21.5
8,2019,11,750,173,211.5
8,2019,11,775,217,191.0
8,2019,11,800,49,42.0
8,2019,11,850,48,64.5
8,2019,12,1700,15,8.5
8,2019,12,1900,90,80.5
8,2019,12,2400,11,19.0
8,2019,12,300,88,87.5
8,2019,12,400,23,18.0
8,2019,12,725,22,23.5
8,2019,12,750,167,199.0
8,2019,12,775,178,195.0
8,2019,12,800,46,51.0
8,2019,12,850,54,61.0
9,2019,1,1700,9,12.0
9,2019,1,1900,72,72.5
9,2019,1,2400,16,20.5
9,2019,1,300,105,100.5
9,2019,1,400,27,32.0
9,2019,1,725,21,21.0
9,2019,1,750,128,146.5
9,2019,1,775,195,207.5
9,2019,1,800,98,74.0
9,2019,1,850,81,85.0
9,2019,2,1700,17,7.5
9,2019,2,1900,55,61.0
9,2019,2,2400,3,16.0
9,2019,2,300,86,92.5
9,2019,2,400,28,30.0
9,2019,2,725,22,23.0
9,2019,2,750,115,127.5
9,2019,2,775,172,172.5
9,2019,2,800,46,65.5
9,2019,2,850,53,63.5
9,2019,3,1700,17,21.0
9,2019,3,1900,75,63.0
9,2019,3,2400,27,18.0
9,2019,3,300,105,105.0
9,2019,3,400,37,34.0
9,2019,3,725,24,19.0
9,2019,3,750,130,149.5
9,2019,3,775,219,192.0
9,2019,3,800,53,77.5
9,2019,3,850,64,70.0
9,2019,4,1700,7,17.5
9,2019,4,1900,75,75.0
9,2019,4,2400,14,25.5
9,2019,4,300,110,98.5
9,2019,4,400,26,38.5
9,2019,4,725,24,25.0
9,2019,4,750,145,149.0
9,2019,4,775,188,195.0
9,2019,4,800,54,98.0
9,2019,4,850,66,80.0
9,2019,5,1700,9,14.0
9,2019,5,1900,65,75.0
9,2019,5,2400,20,15.0
9,2019,5,300,113,125.5
9,2019,5,400,31,44.0
9,2019,5,725,24,24.0
9,2019,5,750,101,156.5
9,2019,5,775,203,196.5
9,2019,5,800,57,83.0
9,2019,5,850,71,84.5
9,2019,6,1700,9,15.0
9,2019,6,1900,62,74.0
9,2019,6,2400,22,18.5
9,2019,6,300,119,117.5
9,2019,6,400,38,41.5
9,2019,6,725,16,26.5
9,2019,6,750,134,134.5
9,2019,6,775,213,189.5
9,2019,6,800,71,73.5
9,2019,6,850,55,71.5
9,2019,7,1700,11,16.0
9,2019,7,1900,81,75.0
9,2019,7,2400,17,19.0
9,2019,7,300,128,137.5
9,2019,7,400,39,45.5
9,2019,7,725,19,20.5
9,2019,7,750,111,130.5
9,2019,7,775,184,196.5
9,2019,7,800,37,55.0
9,2019,7,850,43,86.0
9,2019,8,1700,10,23.5
9,2019,8,1900,70,69.5
9,2019,8,2400,22,17.5
9,2019,8,300,127,112.5
9,2019,8,400,33,41.5
9,2019,8,725,27,20.0
9,2019,8,750,128,141.5
9,2019,8,775,183,202.5
9,2019,8,800,43,72.0
9,2019,8,850,86,78.0
9,2019,9,1700,12,9.5
9,2019,9,1900,56,66.5
9,2019,9,2400,9,16.5
9,2019,9,300,109,121.5
9,2019,9,400,39,38.0
9,2019,9,725,17,17.0
9,2019,9,750,90,158.5
9,2019,9,775,191,198.5
9,2019,9,800,51,65.0
9,2019,9,850,67,73.0
9,2019,10,1700,16,14.0
9,2019,10,1900,85,78.0
9,2019,10,2400,11,15.0
9,2019,10,300,114,120.5
9,2019,10,400,32,35.5
9,2019,10,725,24,24.5
9,2019,10,750,102,145.0
9,2019,10,775,211,193.5
9,2019,10,800,53,77.0
9,2019,10,850,91,78.0
9,2019,11,1700,22,14.0
9,2019,11,1900,76,69.0
9,2019,11,2400,19,19.0
9,2019,11,300,75,94.0
9,2019,11,400,44,39.5
9,2019,11,725,26,24.5
9,2019,11,750,111,138.5
9,2019,11,775,182,206.0
9,2019,11,800,48,75.0
9,2019,11,850,86,65.0
9,2019,12,1700,25,10.5
9,2019,12,1900,76,65.0
9,2019,12,2400,13,20.5
9,2019,12,300,71,104.0
9,2019,12,400,39,34.0
9,2019,12,725,28,22.5
9,2019,12,750,96,145.0
9,2019,12,775,197,203.0
9,2019,12,800,50,73.0
9,2019,12,850,76,76.0
10,2019,1,1700,13,16.5
10,2019,1,1900,58,76.0
10,2019,1,2400,12,17.0
10,2019,1,300,84,82.5
10,2019,1,400,36,26.5
10,2019,1,725,27,24.5
10,2019,1,750,167,186.5
10,2019,1,775,129,145.0
10,2019,1,800,59,78.0
10,2019,1,850,62,73.0
10,2019,2,1700,18,9.5
10,2019,2,1900,48,60.0
10,2019,2,2400,22,18.0
10,2019,2,300,103,87.0
10,2019,2,400,22,27.5
10,2019,2,725,20,24.0
10,2019,2,750,102,148.0
10,2019,2,775,150,142.0
10,2019,2,800,53,74.5
10,2019,2,850,65,56.5
10,2019,3,1700,12,22.5
10,2019,3,1900,79,70.5
10,2019,3,2400,24,15.5
10,2019,3,300,106,92.0
10,2019,3,400,35,25.5
10,2019,3,725,29,23.0
10,2019,3,750,130,144.0
10,2019,3,775,141,162.0
10,2019,3,800,71,94.5
10,2019,3,850,65,74.0
10,2019,4,1700,21,17.5
10,2019,4,1900,47,70.5
10,2019,4,2400,23,21.0
10,2019,4,300,99,104.0
10,2019,4,400,30,34.5
10,2019,4,725,14,20.0
10,2019,4,750,139,150.0
10,2019,4,775,122,151.5
10,2019,4,800,52,74.5
10,2019,4,850,44,67.5
10,2019,5,1700,14,17.0
10,2019,5,1900,57,77.0
10,2019,5,2400,10,14.5
10,2019,5,300,98,88.5
10,2019,5,400,35,33.0
10,2019,5,725,14,23.5
10,2019,5,750,118,160.0
10,2019,5,775,152,165.5
10,2019,5,800,58,74.0
10,2019,5,850,44,71.0
10,2019,6,1700,12,17.0
10,2019,6,1900,60,82.0
10,2019,6,2400,10,22.5
10,2019,6,300,97,100.0
10,2019,6,400,36,33.5
10,2019,6,725,28,18.0
10,2019,6,750,115,138.0
10,2019,6,775,123,155.5
10,2019,6,800,57,78.0
10,2019,6,850,48,73.5
10,2019,7,1700,22,18.5
10,2019,7,1900,78,75.0
10,2019,7,2400,9,13.5
10,2019,7,300,88,106.0
10,2019,7,400,49,42.0
10,2019,7,725,22,23.5
10,2019,7,750,117,125.5
10,2019,7,775,146,142.5
10,2019,7,800,45,79.0
10,2019,7,850,49,61.0
10,2019,8,1700,17,23.0
10,2019,8,1900,76,68.5
10,2019,8,2400,15,21.0
10,2019,8,300,90,100.0
10,2019,8,400,44,34.0
10,2019,8,725,27,22.0
10,2019,8,750,115,143.0
10,2019,8,775,182,177.0
10,2019,8,800,63,80.5
10,2019,8,850,61,78.5
10,2019,9,1700,10,13.0
10,2019,9,1900,71,67.5
10,2019,9,2400,10,18.0
10,2019,9,300,97,106.5
10,2019,9,400,34,27.0
10,2019,9,725,22,23.0
10,2019,9,750,128,159.5
10,2019,9,775,143,145.5
10,2019,9,800,55,68.5
10,2019,9,850,54,76.0
10,2019,10,1700,11,14.5
10,2019,10,1900,79,71.5
10,2019,10,2400,19,21.0
10,2019,10,300,71,87.0
10,2019,10,400,29,35.0
10,2019,10,725,28,21.0
10,2019,10,750,126,145.0
10,2019,10,775,141,138.5
10,2019,10,800,59,67.5
10,2019,10,850,69,65.5
10,2019,11,1700,7,11.0
10,2019,11,1900,66,61.5
10,2019,11,2400,17,17.0
10,2019,11,300,101,93.0
10,2019,11,400,31,30.0
10,2019,11,725,18,28.5
10,2019,11,750,120,165.5
10,2019,11,775,159,149.0
10,2019,11,800,72,58.5
10,2019,11,850,56,63.0
10,2019,12,1700,14,9.0
10,2019,12,1900,66,63.5
10,2019,12,2400,20,16.0
10,2019,12,300,82,87.5
10,2019,12,400,41,30.0
10,2019,12,725,25,22.0
10,2019,12,750,121,143.5
10,2019,12,775,144,158.0
10,2019,12,800,58,62.5
10,2019,12,850,40,72.0
11,2019,1,1700,21,19.0
11,2019,1,1900,95,69.5
11,2019,1,2400,14,17.5
11,2019,1,300,100,91.0
11,2019,1,400,47,27.5
11,2019,1,725,26,27.0
11,2019,1,750,181,163.5
11,2019,1,775,193,198.5
11,2019,1,800,47,58.0
11,2019,1,850,119,100.5
11,2019,2,1700,17,17.0
11,2019,2,1900,85,76.5
11,2019,2,2400,21,21.0
11,2019,2,300,79,96.5
11,2019,2,400,30,31.0
11,2019,2,725,23,22.5
11,2019,2,750,136,144.0
11,2019,2,775,164,183.0
11,2019,2,800,36,41.0
11,2019,2,850,71,76.0
11,2019,3,1700,21,19.5
11,2019,3,1900,76,93.5
11,2019,3,2400,13,16.0
11,2019,3,300,104,123.5
11,2019,3,400,38,46.5
11,2019,3,725,17,30.0
11,2019,3,750,171,144.0
11,2019,3,775,171,196.0
11,2019,3,800,49,47.0
11,2019,3,850,82,105.0
11,2019,4,1700,22,13.5
11,2019,4,1900,67,76.0
11,2019,4,2400,17,20.0
11,2019,4,300,89,124.0
11,2019,4,400,45,40.0
11,2019,4,725,20,25.0
11,2019,4,750,136,168.0
11,2019,4,775,171,183.5
11,2019,4,800,32,38.0
11,2019,4,850,76,112.0
11,2019,5,1700,17,15.0
11,2019,5,1900,82,79.0
11,2019,5,2400,18,23.0
11,2019,5,300,103,107.5
11,2019,5,400,30,46.5
11,2019,5,725,21,26.0
11,2019,5,750,148,156.0
11,2019,5,775,209,201.5
11,2019,5,800,48,51.5
11,2019,5,850,68,104.5
11,2019,6,1700,21,17.0
11,2019,6,1900,75,90.0
11,2019,6,2400,13,18.5
11,2019,6,300,91,117.0
11,2019,6,400,45,35.5
11,2019,6,725,25,31.5
11,2019,6,750,159,159.5
11,2019,6,775,184,178.0
11,2019,6,800,30,37.0
11,2019,6,850,64,99.0
11,2019,7,1700,22,15.5
11,2019,7,1900,104,92.0
11,2019,7,2400,19,19.0
11,2019,7,300,104,128.5
11,2019,7,400,51,48.5
11,2019,7,725,19,34.0
11,2019,7,750,156,161.0
11,2019,7,775,196,175.0
11,2019,7,800,31,40.0
11,2019,7,850,82,82.5
11,2019,8,1700,24,24.5
11,2019,8,1900,91,70.0
11,2019,8,2400,28,21.5
11,2019,8,300,110,122.0
11,2019,8,400,36,38.5
11,2019,8,725,26,31.5
11,2019,8,750,140,146.5
11,2019,8,775,149,188.0
11,2019,8,800,43,33.5
11,2019,8,850,74,99.0
11,2019,9,1700,16,17.0
11,2019,9,1900,96,84.0
11,2019,9,2400,21,25.5
11,2019,9,300,106,117.0
11,2019,9,400,38,39.5
11,2019,9,725,20,26.0
11,2019,9,750,152,143.5
11,2019,9,775,153,160.0
11,2019,9,800,32,27.0
11,2019,9,850,59,75.5
11,2019,10,1700,24,15.0
11,2019,10,1900,78,75.5
11,2019,10,2400,23,20.5
11,2019,10,300,127,119.5
11,2019,10,400,33,41.0
11,2019,10,725,25,24.5
11,2019,10,750,150,149.0
11,2019,10,775,175,184.0
11,2019,10,800,32,37.5
11,2019,10,850,66,101.5
11,2019,11,1700,18,15.5
11,2019,11,1900,82,84.5
11,2019,11,2400,26,21.0
11,2019,11,300,84,100.5
11,2019,11,400,37,34.5
11,2019,11,725,18,35.5
11,2019,11,750,152,138.5
11,2019,11,775,155,180.0
11,2019,11,800,31,39.5
11,2019,11,850,88,101.5
11,2019,12,1700,18,16.0
11,2019,12,1900,59,77.5
11,2019,12,2400,15,19.0
11,2019,12,300,98,90.0
11,2019,12,400,30,45.5
11,2019,12,725,31,25.5
11,2019,12,750,174,173.0
11,2019,12,775,174,180.0
11,2019,12,800,44,35.0
11,2019,12,850,83,104.0
12,2019,1,1700,27,19.5
12,2019,1,1900,124,97.0
12,2019,1,2400,40,33.5
12,2019,1,300,207,191.0
12,2019,1,400,110,120.5
12,2019,1,725,91,136.0
12,2019,1,750,109,144.5
12,2019,1,775,171,158.5
12,2019,1,800,53,53.5
12,2019,1,850,96,130.0
12,2019,2,1700,19,18.0
12,2019,2,1900,91,97.0
12,2019,2,2400,37,24.5
12,2019,2,300,181,170.5
12,2019,2,400,86,94.0
12,2019,2,725,78,94.5
12,2019,2,750,106,147.0
12,2019,2,775,147,154.5
12,2019,2,800,39,45.5
12,2019,2,850,95,134.0
12,2019,3,1700,36,16.0
12,2019,3,1900,115,110.0
12,2019,3,2400,39,28.0
12,2019,3,300,216,201.5
12,2019,3,400,167,133.0
12,2019,3,725,120,99.5
12,2019,3,750,115,134.0
12,2019,3,775,161,155.5
12,2019,3,800,48,47.5
12,2019,3,850,127,133.5
12,2019,4,1700,38,24.0
12,2019,4,1900,140,104.0
12,2019,4,2400,48,27.5
12,2019,4,300,189,216.5
12,2019,4,400,135,138.0
12,2019,4,725,99,105.5
12,2019,4,750,108,166.5
12,2019,4,775,166,170.5
12,2019,4,800,40,52.5
12,2019,4,850,112,139.0
12,2019,5,1700,28,26.0
12,2019,5,1900,140,136.0
12,2019,5,2400,39,34.0
12,2019,5,300,245,244.0
12,2019,5,400,171,160.0
12,2019,5,725,109,117.5
12,2019,5,750,134,159.0
12,2019,5,775,169,161.0
12,2019,5,800,38,45.0
12,2019,5,850,126,139.5
12,2019,6,1700,39,32.0
12,2019,6,1900,128,116.0
12,2019,6,2400,27,31.5
12,2019,6,300,211,207.0
12,2019,6,400,160,155.5
12,2019,6,725,108,95.0
12,2019,6,750,127,142.5
12,2019,6,775,166,158.5
12,2019,6,800,44,44.0
12,2019,6,850,110,135.5
12,2019,7,1700,34,30.0
12,2019,7,1900,129,138.5
12,2019,7,2400,48,33.5
12,2019,7,300,200,244.0
12,2019,7,400,184,165.5
12,2019,7,725,82,110.0
12,2019,7,750,102,142.0
12,2019,7,775,147,178.0
12,2019,7,800,39,38.5
12,2019,7,850,127,142.0
12,2019,8,1700,33,25.0
12,2019,8,1900,136,101.5
12,2019,8,2400,38,35.0
12,2019,8,300,206,225.0
12,2019,8,400,169,150.5
12,2019,8,725,99,112.0
12,2019,8,750,134,141.5
12,2019,8,775,190,166.0
12,2019,8,800,44,49.5
12,2019,8,850,112,103.5
12,2019,9,1700,24,25.5
12,2019,9,1900,117,117.0
12,2019,9,2400,41,37.0
12,2019,9,300,178,222.0
12,2019,9,400,133,117.5
12,2019,9,725,105,101.5
12,2019,9,750,126,132.0
12,2019,9,775,177,173.5
12,2019,9,800,32,41.5
12,2019,9,850,110,112.0
12,2019,10,1700,28,24.5
12,2019,10,1900,107,112.0
12,2019,10,2400,29,28.0
12,2019,10,300,178,221.5
12,2019,10,400,135,147.0
12,2019,10,725,96,104.0
12,2019,10,750,109,155.0
12,2019,10,775,149,179.0
12,2019,10,800,46,41.0
12,2019,10,850,106,106.5
12,2019,11,1700,29,24.0
12,2019,11,1900,116,99.5
12,2019,11,2400,41,22.5
12,2019,11,300,178,200.5
12,2019,11,400,114,147.5
12,2019,11,725,93,96.5
12,2019,11,750,107,131.0
12,2019,11,775,118,175.5
12,2019,11,800,42,39.5
12,2019,11,850,134,114.5
12,2019,12,1700,18,36.5
12,2019,12,1900,108,94.5
12,2019,12,2400,39,24.5
12,2019,12,300,183,201.0
12,2019,12,400,111,134.5
12,2019,12,725,90,95.0
12,2019,12,750,142,139.0
12,2019,12,775,184,195.0
12,2019,12,800,40,46.0
12,2019,12,850,132,138.0
13,2019,1,1700,18,18.0
13,2019,1,1900,92,103.5
13,2019,1,2400,25,32.0
13,2019,1,300,134,163.5
13,2019,1,400,67,63.5
13,2019,1,725,70,70.0
13,2019,1,750,71,106.5
13,2019,1,775,150,143.5
13,2019,1,800,24,29.5
13,2019,1,850,99,137.5
13,2019,2,1700,16,15.5
13,2019,2,1900,92,97.5
13,2019,2,2400,14,21.0
13,2019,2,300,126,130.0
13,2019,2,400,70,55.5
13,2019,2,725,63,64.0
13,2019,2,750,85,101.5
13,2019,2,775,123,126.0
13,2019,2,800,19,21.0
13,2019,2,850,118,111.5
13,2019,3,1700,28,18.0
13,2019,3,1900,97,98.0
13,2019,3,2400,23,30.5
13,2019,3,300,151,163.0
13,2019,3,400,81,80.0
13,2019,3,725,66,64.0
13,2019,3,750,99,83.5
13,2019,3,775,142,119.0
13,2019,3,800,21,25.0
13,2019,3,850,116,131.0
13,2019,4,1700,31,29.0
13,2019,4,1900,91,100.5
13,2019,4,2400,27,34.0
13,2019,4,300,134,165.0
13,2019,4,400,83,86.5
13,2019,4,725,67,80.0
13,2019,4,750,88,108.5
13,2019,4,775,128,137.5
13,2019,4,800,17,24.0
13,2019,4,850,96,115.0
13,2019,5,1700,22,28.5
13,2019,5,1900,117,138.5
13,2019,5,2400,24,36.5
13,2019,5,300,161,163.0
13,2019,5,400,91,80.0
13,2019,5,725,63,85.5
13,2019,5,750,110,127.5
13,2019,5,775,149,160.0
13,2019,5,800,18,20.5
13,2019,5,850,77,128.5
13,2019,6,1700,26,40.0
13,2019,6,1900,92,101.5
13,2019,6,2400,21,35.0
13,2019,6,300,172,168.5
13,2019,6,400,76,102.0
13,2019,6,725,61,67.0
13,2019,6,750,124,103.0
13,2019,6,775,137,125.5
13,2019,6,800,17,22.5
13,2019,6,850,85,123.0
13,2019,7,1700,34,39.5
13,2019,7,1900,117,133.0
13,2019,7,2400,22,31.5
13,2019,7,300,163,160.0
13,2019,7,400,134,81.5
13,2019,7,725,67,82.5
13,2019,7,750,100,113.5
13,2019,7,775,134,140.0
13,2019,7,800,22,24.0
13,2019,7,850,84,125.5
13,2019,8,1700,33,26.0
13,2019,8,1900,96,109.0
13,2019,8,2400,30,34.5
13,2019,8,300,166,167.5
13,2019,8,400,70,77.0
13,2019,8,725,45,72.0
13,2019,8,750,106,106.5
13,2019,8,775,124,154.0
13,2019,8,800,8,18.5
13,2019,8,850,96,98.5
13,2019,9,1700,16,27.5
13,2019,9,1900,105,100.5
13,2019,9,2400,28,42.0
13,2019,9,300,180,159.5
13,2019,9,400,79,75.0
13,2019,9,725,55,64.5
13,2019,9,750,90,105.0
13,2019,9,775,146,140.0
13,2019,9,800,14,18.5
13,2019,9,850,79,98.0
13,2019,10,1700,21,26.0
13,2019,10,1900,102,121.0
13,2019,10,2400,33,28.5
13,2019,10,300,168,176.0
13,2019,10,400,80,87.0
13,2019,10,725,58,81.0
13,2019,10,750,78,118.0
13,2019,10,775,142,146.5
13,2019,10,800,15,21.0
13,2019,10,850,77,110.0
13,2019,11,1700,15,29.5
13,2019,11,1900,86,105.0
13,2019,11,2400,14,26.5
13,2019,11,300,132,143.5
13,2019,11,400,74,80.0
13,2019,11,725,55,58.0
13,2019,11,750,98,103.0
13,2019,11,775,133,141.5
13,2019,11,800,11,22.0
13,2019,11,850,78,106.5
13,2019,12,1700,28,30.5
13,2019,12,1900,131,104.5
13,2019,12,2400,20,22.5
13,2019,12,300,116,134.5
13,2019,12,400,65,74.0
13,2019,12,725,57,57.5
13,2019,12,750,125,107.0
13,2019,12,775,145,133.5
13,2019,12,800,22,19.5
13,2019,12,850,92,110.5
14,2019,1,1700,14,15.5
14,2019,1,1900,80,86.0
14,2019,1,2400,26,22.0
14,2019,1,300,124,83.0
14,2019,1,400,35,27.5
14,2019,1,725,24,21.5
14,2019,1,750,169,164.0
14,2019,1,775,300,242.5
14,2019,1,800,41,50.0
14,2019,1,850,79,104.0
14,2019,2,1700,15,15.0
14,2019,2,1900,109,68.0
14,2019,2,2400,18,16.5
14,2019,2,300,81,87.5
14,2019,2,400,29,21.0
14,2019,2,725,12,23.5
14,2019,2,750,159,162.0
14,2019,2,775,224,205.5
14,2019,2,800,42,49.0
14,2019,2,850,71,86.0
14,2019,3,1700,12,14.5
14,2019,3,1900,84,79.0
14,2019,3,2400,24,26.0
14,2019,3,300,104,112.0
14,2019,3,400,34,33.0
14,2019,3,725,21,21.5
14,2019,3,750,188,188.0
14,2019,3,775,293,239.0
14,2019,3,800,42,50.0
14,2019,3,850,82,116.5
14,2019,4,1700,12,22.5
14,2019,4,1900,78,85.5
14,2019,4,2400,14,31.5
14,2019,4,300,90,95.5
14,2019,4,400,39,27.5
14,2019,4,725,17,19.0
14,2019,4,750,164,178.0
14,2019,4,775,290,249.0
14,2019,4,800,37,50.0
14,2019,4,850,89,115.0
14,2019,5,1700,11,19.5
14,2019,5,1900,107,96.5
14,2019,5,2400,17,23.0
14,2019,5,300,108,121.0
14,2019,5,400,24,43.5
14,2019,5,725,20,19.5
14,2019,5,750,149,158.0
14,2019,5,775,284,239.5
14,2019,5,800,45,48.0
14,2019,5,850,124,105.0
14,2019,6,1700,17,26.0
14,2019,6,1900,91,88.5
14,2019,6,2400,16,20.5
14,2019,6,300,121,95.0
14,2019,6,400,44,34.0
14,2019,6,725,25,21.0
14,2019,6,750,102,162.0
14,2019,6,775,252,242.0
14,2019,6,800,37,47.0
14,2019,6,850,99,105.0
14,2019,7,1700,20,23.0
14,2019,7,1900,98,91.0
14,2019,7,2400,19,19.5
14,2019,7,300,122,126.0
14,2019,7,400,53,43.5
14,2019,7,725,20,27.5
14,2019,7,750,154,167.0
14,2019,7,775,315,251.0
14,2019,7,800,38,40.5
14,2019,7,850,133,121.5
14,2019,8,1700,8,27.5
14,2019,8,1900,99,104.0
14,2019,8,2400,30,20.5
14,2019,8,300,116,115.0
14,2019,8,400,37,41.0
14,2019,8,725,22,20.5
14,2019,8,750,167,183.5
14,2019,8,775,293,277.0
14,2019,8,800,38,42.0
14,2019,8,850,100,105.0
14,2019,9,1700,14,17.5
14,2019,9,1900,91,82.5
14,2019,9,2400,20,25.5
14,2019,9,300,119,129.0
14,2019,9,400,34,32.5
14,2019,9,725,31,21.5
14,2019,9,750,165,174.0
14,2019,9,775,281,289.5
14,2019,9,800,36,38.5
14,2019,9,850,111,110.0
14,2019,10,1700,7,19.0
14,2019,10,1900,81,97.5
14,2019,10,2400,28,24.5
14,2019,10,300,93,114.5
14,2019,10,400,48,36.5
14,2019,10,725,30,28.0
14,2019,10,750,172,170.0
14,2019,10,775,256,261.0
14,2019,10,800,23,41.0
14,2019,10,850,94,112.5
14,2019,11,1700,17,22.5
14,2019,11,1900,70,82.0
14,2019,11,2400,18,24.0
14,2019,11,300,100,102.5
14,2019,11,400,25,35.0
14,2019,11,725,21,25.5
14,2019,11,750,203,181.0
14,2019,11,775,242,248.0
14,2019,11,800,28,33.0
14,2019,11,850,99,109.0
14,2019,12,1700,12,15.5
14,2019,12,1900,76,94.0
14,2019,12,2400,23,26.0
14,2019,12,300,110,91.5
14,2019,12,400,32,30.5
14,2019,12,725,24,23.0
14,2019,12,750,157,192.0
14,2019,12,775,315,252.0
14,2019,12,800,34,53.5
14,2019,12,850,77,105.5
15,2019,1,1700,2,6.0
15,2019,1,1900,93,95.0
15,2019,1,2400,22,18.5
15,2019,1,300,99,128.0
15,2019,1,400,45,41.0
15,2019,1,725,21,22.5
15,2019,1,750,193,191.0
15,2019,1,775,209,249.0
15,2019,1,800,86,120.0
15,2019,1,850,81,90.5
15,2019,2,1700,3,6.5
15,2019,2,1900,77,62.5
15,2019,2,2400,13,19.5
15,2019,2,300,119,118.5
15,2019,2,400,36,36.5
15,2019,2,725,19,20.0
15,2019,2,750,163,160.5
15,2019,2,775,203,219.5
15,2019,2,800,51,70.5
15,2019,2,850,76,87.5
15,2019,3,1700,1,6.0
15,2019,3,1900,92,89.0
15,2019,3,2400,27,28.0
15,2019,3,300,116,137.0
15,2019,3,400,35,46.5
15,2019,3,725,30,19.5
15,2019,3,750,179,191.0
15,2019,3,775,222,231.0
15,2019,3,800,54,80.0
15,2019,3,850,70,94.5
15,2019,4,1700,1,11.5
15,2019,4,1900,95,89.0
15,2019,4,2400,24,29.5
15,2019,4,300,109,119.5
15,2019,4,400,45,43.0
15,2019,4,725,19,24.5
15,2019,4,750,162,163.0
15,2019,4,775,204,208.0
15,2019,4,800,39,69.5
15,2019,4,850,65,83.5
15,2019,5,1700,1,10.0
15,2019,5,1900,82,96.5
15,2019,5,2400,22,18.5
15,2019,5,300,114,141.0
15,2019,5,400,30,38.0
15,2019,5,725,35,24.0
15,2019,5,750,170,160.5
15,2019,5,775,235,224.0
15,2019,5,800,47,80.5
15,2019,5,850,71,93.5
15,2019,6,1700,3,8.0
15,2019,6,1900,100,89.5
15,2019,6,2400,24,20.5
15,2019,6,300,151,152.0
15,2019,6,400,48,46.5
15,2019,6,725,22,23.0
15,2019,6,750,143,168.0
15,2019,6,775,228,246.5
15,2019,6,800,50,66.5
15,2019,6,850,72,92.0
15,2019,7,1700,15,10.5
15,2019,7,1900,92,93.0
15,2019,7,2400,26,18.5
15,2019,7,300,148,161.5
15,2019,7,400,51,56.5
15,2019,7,725,30,33.0
15,2019,7,750,147,159.5
15,2019,7,775,223,224.5
15,2019,7,800,44,90.5
15,2019,7,850,77,84.5
15,2019,8,1700,14,14.5
15,2019,8,1900,108,95.0
15,2019,8,2400,15,21.0
15,2019,8,300,132,119.0
15,2019,8,400,58,35.5
15,2019,8,725,17,24.5
15,2019,8,750,151,154.0
15,2019,8,775,210,251.5
15,2019,8,800,45,74.5
15,2019,8,850,64,79.5
15,2019,9,1700,13,8.5
15,2019,9,1900,85,90.5
15,2019,9,2400,25,15.5
15,2019,9,300,122,135.5
15,2019,9,400,44,40.0
15,2019,9,725,17,34.5
15,2019,9,750,152,182.5
15,2019,9,775,219,199.5
15,2019,9,800,41,50.0
15,2019,9,850,78,79.5
15,2019,10,1700,5,9.5
15,2019,10,1900,91,87.0
15,2019,10,2400,17,25.0
15,2019,10,300,131,143.5
15,2019,10,400,48,48.0
15,2019,10,725,19,25.5
15,2019,10,750,132,186.0
15,2019,10,775,244,227.0
15,2019,10,800,39,60.5
15,2019,10,850,70,100.0
15,2019,11,1700,5,11.5
15,2019,11,1900,76,84.0
15,2019,11,2400,15,19.0
15,2019,11,300,115,126.0
15,2019,11,400,33,39.5
15,2019,11,725,26,20.0
15,2019,11,750,156,149.0
15,2019,11,775,215,210.0
15,2019,11,800,32,75.5
15,2019,11,850,75,88.0
15,2019,12,1700,10,7.0
15,2019,12,1900,89,95.5
15,2019,12,2400,14,29.0
15,2019,12,300,113,115.5
15,2019,12,400,50,34.0
15,2019,12,725,19,24.5
15,2019,12,750,155,190.5
15,2019,12,775,239,241.5
15,2019,12,800,50,70.0
15,2019,12,850,82,83.5
16,2019,1,1700,11,7.0
16,2019,1,1900,46,86.5
16,2019,1,2400,14,15.5
16,2019,1,300,85,101.0
16,2019,1,400,23,34.0
16,2019,1,725,20,15.5
16,2019,1,750,63,104.5
16,2019,1,775,125,135.5
16,2019,1,800,53,76.0
16,2019,1,850,81,93.5
16,2019,2,1700,20,2.0
16,2019,2,1900,69,64.5
16,2019,2,2400,9,21.0
16,2019,2,300,79,80.5
16,2019,2,400,29,27.5
16,2019,2,725,18,17.0
16,2019,2,750,75,74.0
16,2019,2,775,94,124.0
16,2019,2,800,25,40.0
16,2019,2,850,64,84.0
16,2019,3,1700,11,5.0
16,2019,3,1900,75,86.0
16,2019,3,2400,20,21.5
16,2019,3,300,96,92.5
16,2019,3,400,57,36.0
16,2019,3,725,26,17.0
16,2019,3,750,88,104.0
16,2019,3,775,119,129.5
16,2019,3,800,26,68.0
16,2019,3,850,72,84.5
16,2019,4,1700,10,6.0
16,2019,4,1900,66,87.0
16,2019,4,2400,17,19.5
16,2019,4,300,75,104.0
16,2019,4,400,33,50.0
16,2019,4,725,16,24.5
16,2019,4,750,72,86.5
16,2019,4,775,114,120.0
16,2019,4,800,34,48.0
16,2019,4,850,57,67.0
16,2019,5,1700,16,4.0
16,2019,5,1900,59,83.5
16,2019,5,2400,11,20.5
16,2019,5,300,98,100.0
16,2019,5,400,30,41.0
16,2019,5,725,19,19.0
16,2019,5,750,78,92.0
16,2019,5,775,119,120.5
16,2019,5,800,31,51.5
16,2019,5,850,79,83.0
16,2019,6,1700,13,3.5
16,2019,6,1900,79,71.0
16,2019,6,2400,11,18.5
16,2019,6,300,101,94.0
16,2019,6,400,42,42.0
16,2019,6,725,15,30.0
16,2019,6,750,74,85.5
16,2019,6,775,113,99.0
16,2019,6,800,29,46.5
16,2019,6,850,65,62.5
16,2019,7,1700,14,7.5
16,2019,7,1900,81,88.0
16,2019,7,2400,25,18.5
16,2019,7,300,101,100.0
16,2019,7,400,55,45.5
16,2019,7,725,25,24.5
16,2019,7,750,75,73.5
16,2019,7,775,124,127.0
16,2019,7,800,27,43.0
16,2019,7,850,78,69.0
16,2019,8,1700,9,5.0
16,2019,8,1900,84,62.0
16,2019,8,2400,23,19.5
16,2019,8,300,127,94.5
16,2019,8,400,40,43.0
16,2019,8,725,14,24.5
16,2019,8,750,88,92.5
16,2019,8,775,127,110.5
16,2019,8,800,19,54.5
16,2019,8,850,67,91.0
16,2019,9,1700,6,5.0
16,2019,9,1900,70,81.5
16,2019,9,2400,14,15.0
16,2019,9,300,82,106.5
16,2019,9,400,49,33.0
16,2019,9,725,22,23.0
16,2019,9,750,73,91.5
16,2019,9,775,106,111.5
16,2019,9,800,31,51.5
16,2019,9,850,78,67.5
16,2019,10,1700,6,2.5
16,2019,10,1900,66,70.0
16,2019,10,2400,10,17.0
16,2019,10,300,98,112.0
16,2019,10,400,50,48.5
16,2019,10,725,19,24.0
16,2019,10,750,67,89.5
16,2019,10,775,146,134.5
16,2019,10,800,43,55.5
16,2019,10,850,95,74.0
16,2019,11,1700,13,9.5
16,2019,11,1900,56,75.5
16,2019,11,2400,16,15.0
16,2019,11,300,85,81.5
16,2019,11,400,42,33.5
16,2019,11,725,18,21.5
16,2019,11,750,71,91.0
16,2019,11,775,103,116.5
16,2019,11,800,35,56.0
16,2019,11,850,67,83.5
16,2019,12,1700,8,6.5
16,2019,12,1900,71,87.5
16,2019,12,2400,13,17.0
16,2019,12,300,99,86.0
16,2019,12,400,45,44.5
16,2019,12,725,27,15.5
16,2019,12,750,78,105.5
16,2019,12,775,134,134.5
16,2019,12,800,38,44.5
16,2019,12,850,106,79.5
17,2019,1,1700,13,15.0
17,2019,1,1900,65,69.0
17,2019,1,2400,19,18.5
17,2019,1,300,97,74.5
17,2019,1,400,28,32.0
17,2019,1,725,26,23.5
17,2019,1,750,131,190.5
17,2019,1,775,188,214.0
17,2019,1,800,79,85.0
17,2019,1,850,61,67.5
17,2019,2,1700,18,7.0
17,2019,2,1900,38,50.0
17,2019,2,2400,14,18.5
17,2019,2,300,59,73.5
17,2019,2,400,19,25.0
17,2019,2,725,23,17.0
17,2019,2,750,114,184.5
17,2019,2,775,173,205.0
17,2019,2,800,44,80.0
17,2019,2,850,40,63.0
17,2019,3,1700,11,12.0
17,2019,3,1900,70,79.0
17,2019,3,2400,26,16.5
17,2019,3,300,84,77.0
17,2019,3,400,28,28.0
17,2019,3,725,19,15.5
17,2019,3,750,129,185.5
17,2019,3,775,210,212.5
17,2019,3,800,56,84.5
17,2019,3,850,57,76.0
17,2019,4,1700,18,14.5
17,2019,4,1900,63,73.5
17,2019,4,2400,16,14.0
17,2019,4,300,97,82.5
17,2019,4,400,28,24.5
17,2019,4,725,22,20.0
17,2019,4,750,150,157.0
17,2019,4,775,186,205.5
17,2019,4,800,69,64.5
17,2019,4,850,53,68.5
17,2019,5,1700,17,14.5
17,2019,5,1900,60,66.0
17,2019,5,2400,15,21.5
17,2019,5,300,100,103.5
17,2019,5,400,23,25.5
17,2019,5,725,19,19.0
17,2019,5,750,120,144.5
17,2019,5,775,186,188.0
17,2019,5,800,60,79.5
17,2019,5,850,50,59.5
17,2019,6,1700,17,13.5
17,2019,6,1900,57,66.5
17,2019,6,2400,15,13.0
17,2019,6,300,108,83.0
17,2019,6,400,23,34.5
17,2019,6,725,12,23.0
17,2019,6,750,110,134.5
17,2019,6,775,186,196.0
17,2019,6,800,55,67.0
17,2019,6,850,53,56.5
17,2019,7,1700,19,12.0
17,2019,7,1900,71,75.0
17,2019,7,2400,13,19.5
17,2019,7,300,105,105.5
17,2019,7,400,23,28.5
17,2019,7,725,19,23.0
17,2019,7,750,104,160.0
17,2019,7,775,197,200.5
17,2019,7,800,67,81.5
17,2019,7,850,57,66.0
17,2019,8,1700,12,12.0
17,2019,8,1900,65,52.5
17,2019,8,2400,21,17.5
17,2019,8,300,100,103.0
17,2019,8,400,31,30.0
17,2019,8,725,23,25.5
17,2019,8,750,115,131.0
17,2019,8,775,195,214.0
17,2019,8,800,63,56.0
17,2019,8,850,47,45.5
17,2019,9,1700,8,11.5
17,2019,9,1900,68,64.0
17,2019,9,2400,19,16.5
17,2019,9,300,111,84.0
17,2019,9,400,24,24.5
17,2019,9,725,16,18.5
17,2019,9,750,94,147.5
17,2019,9,775,186,213.5
17,2019,9,800,60,61.0
17,2019,9,850,33,60.5
17,2019,10,1700,19,9.0
17,2019,10,1900,68,63.0
17,2019,10,2400,20,11.0
17,2019,10,300,119,106.0
17,2019,10,400,30,35.0
17,2019,10,725,17,20.0
17,2019,10,750,87,147.0
17,2019,10,775,217,212.0
17,2019,10,800,54,63.0
17,2019,10,850,35,55.5
17,2019,11,1700,17,13.0
17,2019,11,1900,53,61.5
17,2019,11,2400,15,19.0
17,2019,11,300,87,100.0
17,2019,11,400,26,25.0
17,2019,11,725,15,17.5
17,2019,11,750,126,146.5
17,2019,11,775,168,199.5
17,2019,11,800,69,68.5
17,2019,11,850,43,63.0
17,2019,12,1700,23,12.5
17,2019,12,1900,74,78.0
17,2019,12,2400,19,18.5
17,2019,12,300,85,99.5
17,2019,12,400,26,34.5
17,2019,12,725,26,20.5
17,2019,12,750,135,154.0
17,2019,12,775,240,222.0
17,2019,12,800,41,52.0
17,2019,12,850,70,61.5
18,2019,1,1700,20,15.0
18,2019,1,1900,90,83.0
18,2019,1,2400,18,21.5
18,2019,1,300,147,148.0
18,2019,1,400,69,100.5
18,2019,1,725,74,74.0
18,2019,1,750,80,104.5
18,2019,1,775,157,113.0
18,2019,1,800,34,43.0
18,2019,1,850,101,109.0
18,2019,2,1700,17,13.5
18,2019,2,1900,80,71.5
18,2019,2,2400,23,26.5
18,2019,2,300,132,134.0
18,2019,2,400,83,104.0
18,2019,2,725,49,70.5
18,2019,2,750,78,103.5
18,2019,2,775,144,118.0
18,2019,2,800,29,30.0
18,2019,2,850,81,90.0
18,2019,3,1700,30,18.0
18,2019,3,1900,102,89.0
18,2019,3,2400,30,20.5
18,2019,3,300,180,121.0
18,2019,3,400,122,90.0
18,2019,3,725,70,71.5
18,2019,3,750,94,94.5
18,2019,3,775,158,116.5
18,2019,3,800,15,32.5
18,2019,3,850,109,115.5
18,2019,4,1700,22,18.0
18,2019,4,1900,123,80.0
18,2019,4,2400,33,19.5
18,2019,4,300,180,167.5
18,2019,4,400,160,97.5
18,2019,4,725,73,90.0
18,2019,4,750,86,109.5
18,2019,4,775,142,124.5
18,2019,4,800,30,34.0
18,2019,4,850,92,114.0
18,2019,5,1700,21,22.5
18,2019,5,1900,98,86.0
18,2019,5,2400,29,26.5
18,2019,5,300,171,159.0
18,2019,5,400,120,104.5
18,2019,5,725,81,92.5
18,2019,5,750,98,112.5
18,2019,5,775,156,145.5
18,2019,5,800,11,31.0
18,2019,5,850,95,102.0
18,2019,6,1700,20,25.0
18,2019,6,1900,95,87.5
18,2019,6,2400,25,24.5
18,2019,6,300,168,155.0
18,2019,6,400,167,124.0
18,2019,6,725,81,82.5
18,2019,6,750,75,89.0
18,2019,6,775,121,147.5
18,2019,6,800,30,24.5
18,2019,6,850,108,99.5
18,2019,7,1700,22,15.5
18,2019,7,1900,108,99.0
18,2019,7,2400,35,26.0
18,2019,7,300,158,177.0
18,2019,7,400,151,129.5
18,2019,7,725,77,80.5
18,2019,7,750,109,104.0
18,2019,7,775,154,141.5
18,2019,7,800,40,22.0
18,2019,7,850,104,108.0
18,2019,8,1700,25,16.5
18,2019,8,1900,92,86.0
18,2019,8,2400,43,21.5
18,2019,8,300,178,172.5
18,2019,8,400,115,123.5
18,2019,8,725,74,92.5
18,2019,8,750,104,103.0
18,2019,8,775,134,139.0
18,2019,8,800,22,20.0
18,2019,8,850,99,112.5
18,2019,9,1700,22,17.0
18,2019,9,1900,93,77.5
18,2019,9,2400,28,18.5
18,2019,9,300,145,153.0
18,2019,9,400,124,116.5
18,2019,9,725,61,70.5
18,2019,9,750,86,105.0
18,2019,9,775,130,142.0
18,2019,9,800,20,26.0
18,2019,9,850,96,102.5
18,2019,10,1700,22,19.0
18,2019,10,1900,88,95.5
18,2019,10,2400,33,18.5
18,2019,10,300,165,159.5
18,2019,10,400,113,107.5
18,2019,10,725,65,76.0
18,2019,10,750,80,122.5
18,2019,10,775,144,143.5
18,2019,10,800,21,27.5
18,2019,10,850,108,111.5
18,2019,11,1700,25,18.0
18,2019,11,1900,75,79.5
18,2019,11,2400,37,25.0
18,2019,11,300,167,150.5
18,2019,11,400,94,111.0
18,2019,11,725,71,72.5
18,2019,11,750,88,124.0
18,2019,11,775,116,132.0
18,2019,11,800,15,25.0
18,2019,11,850,93,100.0
18,2019,12,1700,24,22.0
18,2019,12,1900,76,93.0
18,2019,12,2400,25,23.5
18,2019,12,300,165,169.0
18,2019,12,400,121,106.5
18,2019,12,725,72,73.0
18,2019,12,750,97,103.5
18,2019,12,775,129,123.5
18,2019,12,800,14,25.5
18,2019,12,850,87,109.5
19,2019,1,1700,14,20.5
19,2019,1,1900,81,105.5
19,2019,1,2400,19,20.5
19,2019,1,300,106,128.0
19,2019,1,400,53,53.0
19,2019,1,725,28,20.0
19,2019,1,750,89,134.5
19,2019,1,775,152,169.5
19,2019,1,800,61,89.5
19,2019,1,850,89,125.5
19,2019,2,1700,21,18.0
19,2019,2,1900,67,79.0
19,2019,2,2400,12,23.5
19,2019,2,300,108,98.5
19,2019,2,400,38,44.5
19,2019,2,725,19,28.5
19,2019,2,750,65,108.5
19,2019,2,775,135,142.0
19,2019,2,800,30,49.5
19,2019,2,850,99,89.5
19,2019,3,1700,39,26.0
19,2019,3,1900,71,97.5
19,2019,3,2400,28,27.0
19,2019,3,300,151,138.5
19,2019,3,400,58,62.5
19,2019,3,725,34,30.0
19,2019,3,750,92,127.5
19,2019,3,775,139,151.0
19,2019,3,800,55,64.0
19,2019,3,850,106,108.5
19,2019,4,1700,17,18.0
19,2019,4,1900,84,92.5
19,2019,4,2400,18,24.0
19,2019,4,300,99,127.5
19,2019,4,400,52,53.5
19,2019,4,725,26,28.5
19,2019,4,750,74,113.0
19,2019,4,775,124,148.5
19,2019,4,800,40,58.0
19,2019,4,850,71,101.5
19,2019,5,1700,24,19.0
19,2019,5,1900,82,100.5
19,2019,5,2400,9,27.0
19,2019,5,300,108,125.5
19,2019,5,400,42,63.0
19,2019,5,725,23,30.5
19,2019,5,750,85,111.5
19,2019,5,775,155,147.0
19,2019,5,800,43,64.0
19,2019,5,850,125,107.0
19,2019,6,1700,22,27.5
19,2019,6,1900,66,92.0
19,2019,6,2400,15,35.0
19,2019,6,300,120,151.5
19,2019,6,400,75,65.5
19,2019,6,725,24,43.5
19,2019,6,750,71,85.5
19,2019,6,775,126,138.0
19,2019,6,800,46,59.0
19,2019,6,850,77,76.0
19,2019,7,1700,19,21.0
19,2019,7,1900,88,104.0
19,2019,7,2400,20,27.0
19,2019,7,300,143,134.5
19,2019,7,400,50,55.5
19,2019,7,725,28,36.0
19,2019,7,750,81,98.0
19,2019,7,775,164,170.0
19,2019,7,800,40,63.0
19,2019,7,850,72,84.0
19,2019,8,1700,40,17.5
19,2019,8,1900,92,99.0
19,2019,8,2400,19,24.0
19,2019,8,300,106,117.5
19,2019,8,400,52,43.5
19,2019,8,725,24,33.0
19,2019,8,750,80,93.5
19,2019,8,775,161,172.5
19,2019,8,800,32,58.5
19,2019,8,850,118,94.5
19,2019,9,1700,33,21.0
19,2019,9,1900,73,90.5
19,2019,9,2400,21,16.5
19,2019,9,300,116,151.5
19,2019,9,400,41,40.5
19,2019,9,725,23,30.0
19,2019,9,750,55,96.0
19,2019,9,775,119,142.5
19,2019,9,800,47,65.0
19,2019,9,850,86,95.5
19,2019,10,1700,18,25.5
19,2019,10,1900,80,108.5
19,2019,10,2400,21,21.5
19,2019,10,300,117,136.5
19,2019,10,400,49,54.5
19,2019,10,725,29,36.5
19,2019,10,750,80,99.0
19,2019,10,775,127,158.0
19,2019,10,800,46,54.0
19,2019,10,850,77,93.5
19,2019,11,1700,16,23.0
19,2019,11,1900,61,81.0
19,2019,11,2400,17,22.5
19,2019,11,300,110,130.0
19,2019,11,400,49,50.0
19,2019,11,725,34,33.0
19,2019,11,750,83,96.0
19,2019,11,775,143,151.5
19,2019,11,800,56,49.5
19,2019,11,850,86,99.5
19,2019,12,1700,15,22.5
19,2019,12,1900,69,87.5
19,2019,12,2400,18,23.5
19,2019,12,300,107,107.0
19,2019,12,400,42,56.5
19,2019,12,725,22,27.5
19,2019,12,750,77,111.5
19,2019,12,775,140,143.0
19,2019,12,800,33,52.0
19,2019,12,850,111,99.5
20,2019,1,1700,12,22.5
20,2019,1,1900,100,102.5
20,2019,1,2400,18,24.5
20,2019,1,300,111,128.5
20,2019,1,400,43,49.0
20,2019,1,725,39,70.5
20,2019,1,750,171,165.0
20,2019,1,775,173,166.0
20,2019,1,800,41,56.0
20,2019,1,850,84,80.5
20,2019,2,1700,7,16.5
20,2019,2,1900,66,73.0
20,2019,2,2400,16,18.5
20,2019,2,300,121,134.0
20,2019,2,400,34,34.5
20,2019,2,725,48,48.0
20,2019,2,750,134,162.0
20,2019,2,775,182,143.0
20,2019,2,800,31,35.5
20,2019,2,850,55,66.0
20,2019,3,1700,10,22.5
20,2019,3,1900,92,108.5
20,2019,3,2400,23,30.5
20,2019,3,300,139,145.5
20,2019,3,400,45,45.0
20,2019,3,725,64,49.5
20,2019,3,750,102,155.5
20,2019,3,775,207,165.5
20,2019,3,800,28,44.0
20,2019,3,850,80,79.0
20,2019,4,1700,11,18.5
20,2019,4,1900,77,99.5
20,2019,4,2400,22,27.0
20,2019,4,300,122,147.5
20,2019,4,400,53,51.0
20,2019,4,725,32,47.0
20,2019,4,750,109,157.0
20,2019,4,775,188,154.5
20,2019,4,800,38,43.0
20,2019,4,850,77,75.5
20,2019,5,1700,10,18.5
20,2019,5,1900,81,102.5
20,2019,5,2400,23,23.0
20,2019,5,300,145,160.5
20,2019,5,400,37,53.0
20,2019,5,725,49,54.5
20,2019,5,750,118,167.5
20,2019,5,775,180,164.5
20,2019,5,800,34,37.5
20,2019,5,850,91,90.0
20,2019,6,1700,19,19.5
20,2019,6,1900,73,77.0
20,2019,6,2400,24,33.5
20,2019,6,300,168,147.0
20,2019,6,400,53,36.5
20,2019,6,725,44,49.5
20,2019,6,750,82,143.0
20,2019,6,775,182,159.0
20,2019,6,800,32,32.5
20,2019,6,850,66,82.0
20,2019,7,1700,20,19.0
20,2019,7,1900,78,78.5
20,2019,7,2400,23,24.5
20,2019,7,300,169,168.0
20,2019,7,400,50,51.0
20,2019,7,725,41,65.5
20,2019,7,750,105,149.5
20,2019,7,775,188,177.5
20,2019,7,800,28,39.0
20,2019,7,850,73,86.5
20,2019,8,1700,13,19.5
20,2019,8,1900,96,84.5
20,2019,8,2400,12,32.5
20,2019,8,300,172,163.5
20,2019,8,400,43,45.5
20,2019,8,725,39,56.0
20,2019,8,750,100,148.5
20,2019,8,775,203,174.5
20,2019,8,800,25,41.0
20,2019,8,850,75,94.0
20,2019,9,1700,17,22.0
20,2019,9,1900,94,78.0
20,2019,9,2400,30,17.0
20,2019,9,300,174,153.0
20,2019,9,400,53,47.5
20,2019,9,725,43,64.5
20,2019,9,750,103,153.0
20,2019,9,775,166,168.0
20,2019,9,800,27,29.5
20,2019,9,850,72,84.0
20,2019,10,1700,17,24.0
20,2019,10,1900,97,87.0
20,2019,10,2400,30,25.5
20,2019,10,300,158,172.5
20,2019,10,400,43,66.0
20,2019,10,725,53,60.5
20,2019,10,750,111,165.0
20,2019,10,775,168,173.0
20,2019,10,800,24,36.0
20,2019,10,850,74,87.5
20,2019,11,1700,12,19.5
20,2019,11,1900,83,84.0
20,2019,11,2400,15,19.0
20,2019,11,300,129,166.0
20,2019,11,400,47,41.5
20,2019,11,725,47,53.5
20,2019,11,750,105,162.5
20,2019,11,775,171,181.0
20,2019,11,800,29,29.5
20,2019,11,850,50,97.0
20,2019,12,1700,10,21.0
20,2019,12,1900,99,78.5
20,2019,12,2400,25,25.0
20,2019,12,300,157,132.5
20,2019,12,400,48,53.0
20,2019,12,725,48,56.0
20,2019,12,750,95,168.0
20,2019,12,775,174,168.5
20,2019,12,800,39,41.5
20,2019,12,850,82,74.0
21,2019,1,1700,14,17.5
21,2019,1,1900,67,82.5
21,2019,1,2400,18,28.0
21,2019,1,300,82,95.0
21,2019,1,400,30,33.5
21,2019,1,725,27,34.5
21,2019,1,750,171,164.5
21,2019,1,775,245,255.0
21,2019,1,800,63,98.5
21,2019,1,850,60,68.5
21,2019,2,1700,24,15.5
21,2019,2,1900,53,76.5
21,2019,2,2400,10,24.0
21,2019,2,300,90,99.0
21,2019,2,400,28,32.5
21,2019,2,725,29,26.0
21,2019,2,750,128,127.0
21,2019,2,775,198,222.5
21,2019,2,800,53,76.5
21,2019,2,850,52,52.0
21,2019,3,1700,34,12.5
21,2019,3,1900,68,88.0
21,2019,3,2400,18,23.5
21,2019,3,300,102,113.0
21,2019,3,400,25,37.0
21,2019,3,725,16,24.0
21,2019,3,750,130,144.0
21,2019,3,775,213,215.5
21,2019,3,800,62,83.0
21,2019,3,850,43,52.5
21,2019,4,1700,34,21.0
21,2019,4,1900,52,82.5
21,2019,4,2400,19,24.0
21,2019,4,300,102,106.5
21,2019,4,400,32,31.0
21,2019,4,725,19,26.0
21,2019,4,750,132,107.5
21,2019,4,775,227,234.0
21,2019,4,800,76,79.5
21,2019,4,850,31,49.0
21,2019,5,1700,17,30.0
21,2019,5,1900,63,94.0
21,2019,5,2400,19,21.0
21,2019,5,300,118,101.5
21,2019,5,400,31,28.5
21,2019,5,725,22,29.5
21,2019,5,750,153,120.0
21,2019,5,775,256,245.0
21,2019,5,800,79,67.5
21,2019,5,850,40,58.0
21,2019,6,1700,18,15.5
21,2019,6,1900,49,75.0
21,2019,6,2400,25,28.0
21,2019,6,300,96,112.5
21,2019,6,400,35,34.0
21,2019,6,725,19,26.5
21,2019,6,750,125,131.0
21,2019,6,775,207,228.0
21,2019,6,800,47,70.5
21,2019,6,850,45,52.0
21,2019,7,1700,24,21.0
21,2019,7,1900,64,63.5
21,2019,7,2400,18,20.0
21,2019,7,300,117,108.0
21,2019,7,400,36,45.5
21,2019,7,725,23,30.0
21,2019,7,750,111,125.0
21,2019,7,775,222,270.0
21,2019,7,800,75,78.0
21,2019,7,850,51,61.5
21,2019,8,1700,22,23.5
21,2019,8,1900,61,74.5
21,2019,8,2400,14,32.0
21,2019,8,300,107,105.0
21,2019,8,400,34,35.5
21,2019,8,725,23,25.5
21,2019,8,750,129,129.0
21,2019,8,775,229,241.0
21,2019,8,800,47,79.0
21,2019,8,850,40,60.0
21,2019,9,1700,23,22.0
21,2019,9,1900,64,63.5
21,2019,9,2400,15,17.5
21,2019,9,300,92,111.0
21,2019,9,400,43,41.0
21,2019,9,725,20,23.0
21,2019,9,750,125,139.5
21,2019,9,775,211,211.5
21,2019,9,800,66,78.5
21,2019,9,850,41,60.5
21,2019,10,1700,16,19.5
21,2019,10,1900,43,78.0
21,2019,10,2400,19,25.0
21,2019,10,300,74,103.5
21,2019,10,400,27,39.0
21,2019,10,725,25,33.5
21,2019,10,750,101,140.0
21,2019,10,775,255,235.5
21,2019,10,800,69,80.0
21,2019,10,850,41,51.0
21,2019,11,1700,13,18.0
21,2019,11,1900,46,89.0
21,2019,11,2400,14,15.5
21,2019,11,300,78,96.0
21,2019,11,400,33,35.0
21,2019,11,725,21,23.0
21,2019,11,750,123,145.5
21,2019,11,775,245,235.0
21,2019,11,800,62,57.5
21,2019,11,850,47,60.0
21,2019,12,1700,23,23.5
21,2019,12,1900,74,81.0
21,2019,12,2400,12,25.5
21,2019,12,300,83,101.0
21,2019,12,400,26,38.5
21,2019,12,725,26,24.5
21,2019,12,750,141,155.5
21,2019,12,775,212,268.0
21,2019,12,800,66,50.5
21,2019,12,850,50,58.5
