Area,Month,Crime_Category,Total_Crimes,Predicted_Crimes
1,1,1700,11,9.971075091511011
1,1,1900,90,85.62727999687195
1,1,2400,28,24.257993549108505
1,1,300,216,207.6984080672264
1,1,400,73,74.75445067882538
1,1,725,57,58.07106889784336
1,1,750,127,125.3548079431057
1,1,775,293,268.61076563596725
1,1,800,31,32.212322771549225
1,1,850,72,72.36741691827774
1,2,1700,4,3.0685429889708757
1,2,1900,80,76.22566638886929
1,2,2400,22,18.48656004294753
1,2,300,198,192.06035339832306
1,2,400,50,52.0500468313694
1,2,725,57,58.038059055805206
1,2,750,114,113.04171514511108
1,2,775,298,272.6055543422699
1,2,800,26,27.207538560032845
1,2,850,34,35.005985140800476
1,3,1700,3,2.0637865159660578
1,3,1900,108,102.72384786605835
1,3,2400,28,24.32457861304283
1,3,300,204,197.30290764570236
1,3,400,61,62.87904994189739
1,3,725,62,62.92618964612484
1,3,750,114,113.04764699935913
1,3,775,286,263.32774502038956
1,3,800,21,22.16996231675148
1,3,850,76,76.21429854631424
1,4,1700,9,7.964674631133676
1,4,1900,111,105.63955813646317
1,4,2400,37,33.05935448408127
1,4,300,190,184.95456665754318
1,4,400,82,83.42656207084656
1,4,725,49,50.11353740096092
1,4,750,134,131.9494727551937
1,4,775,287,264.25198352336884
1,4,800,22,23.121427103877068
1,4,850,73,73.28166395425797
1,5,1700,13,11.894533284008503
1,5,1900,118,112.23996943235397
1,5,2400,42,37.919693410396576
1,5,300,231,220.74044233560562
1,5,400,85,86.27516824007034
1,5,725,66,66.77595841884613
1,5,750,147,144.04733192920685
1,5,775,276,255.65846920013428
1,5,800,20,21.08392785489559
1,5,850,64,64.47508020699024
1,6,1700,8,6.954038439318538
1,6,1900,109,103.91511249542236
1,6,2400,33,29.263357043266296
1,6,300,263,247.52391356229782
1,6,400,75,76.51438549160957
1,6,725,65,65.778480052948
1,6,750,160,156.08823603391647
1,6,775,302,276.1240893006325
1,6,800,14,15.03142872825265
1,6,850,75,75.2072643339634
1,7,1700,11,9.90272669121623
1,7,1900,123,117.04530894756317
1,7,2400,30,26.392281658947468
1,7,300,206,199.23320716619492
1,7,400,83,84.27098932862282
1,7,725,61,61.83085422217846
1,7,750,144,141.32834604382515
1,7,775,343,306.7465083003044
1,7,800,22,22.97480371594429
1,7,850,42,42.72994060814381
1,8,1700,8,6.932731844484806
1,8,1900,103,98.37451964616776
1,8,2400,33,29.334914669394493
1,8,300,257,242.58397656679153
1,8,400,83,84.22835412621498
1,8,725,69,69.66303822398186
1,8,750,149,145.91280740499496
1,8,775,301,275.44352024793625
1,8,800,24,24.916568398475647
1,8,850,91,90.71646800637245
1,9,1700,18,16.795457910746336
1,9,1900,109,104.08060196042061
1,9,2400,17,13.820142932236195
1,9,300,234,223.38901525735855
1,9,400,81,82.25366765260696
1,9,725,60,60.7519194483757
1,9,750,139,136.6678179204464
1,9,775,245,230.46063822507858
1,9,800,16,16.882115118205547
1,9,850,74,74.14547169208527
1,10,1700,2,0.9768315739929676
1,10,1900,103,98.46798342466354
1,10,2400,22,18.71802169084549
1,10,300,227,217.42603731155396
1,10,400,87,88.06525355577469
1,10,725,60,60.714252173900604
1,10,750,137,134.74701863527298
1,10,775,289,266.2036747932434
1,10,800,19,19.833150044083595
1,10,850,75,75.12090487778187
1,11,1700,3,1.9532310031354427
1,11,1900,81,77.53554493188858
1,11,2400,24,20.685279443860054
1,11,300,196,190.35411113500595
1,11,400,73,74.29583492875099
1,11,725,57,57.71672402322292
1,11,750,164,159.75174921751022
1,11,775,300,274.8996804356575
1,11,800,19,19.78434432297945
1,11,850,63,63.30705639719963
1,12,1700,11,9.857265748083591
1,12,1900,103,98.54587608575821
1,12,2400,31,27.52669085562229
1,12,300,208,200.93218290805817
1,12,400,90,90.85328993201256
1,12,725,74,74.39726500213146
1,12,750,192,184.94744843244553
1,12,775,269,250.28621125221252
1,12,800,24,24.727474324405193
1,12,850,81,80.91245687007904
2,1,1700,17,16.04837214946747
2,1,1900,63,60.12687811255455
2,1,2400,20,16.738075330853462
2,1,300,139,138.68128389120102
2,1,400,64,66.15569964051247
2,1,725,55,56.35433003306389
2,1,750,111,110.52803629636765
2,1,775,127,125.58225747942924
2,1,800,27,28.420292258262634
2,1,850,66,66.7303016781807
2,2,1700,9,8.162979299202561
2,2,1900,77,73.61224433779716
2,2,2400,17,13.838932543992996
2,2,300,112,113.06570208072662
2,2,400,60,62.135885924100876
2,2,725,56,57.288861230015755
2,2,750,112,111.4716460108757
2,2,775,130,128.38050776720047
2,2,800,21,22.39147999882698
2,2,850,65,65.74261087179184
2,3,1700,21,19.952222749590874
2,3,1900,85,81.27324336767197
2,3,2400,16,12.890668872743845
2,3,300,139,138.66597229242325
2,3,400,68,69.98132391273975
2,3,725,61,62.18326197564602
2,3,750,95,95.18214398622513
2,3,775,137,134.93639308214188
2,3,800,23,24.342186488211155
2,3,850,66,66.68527519702911
2,4,1700,17,16.010268095880747
2,4,1900,67,64.10430224239826
2,4,2400,14,10.961868535727262
2,4,300,107,108.1994961798191
2,4,400,59,61.05323910713196
2,4,725,50,51.29317930340767
2,4,750,95,95.17167982459068
2,4,775,131,129.3366763293743
2,4,800,25,26.276348665356636
2,4,850,68,68.6309697329998
2,5,1700,24,22.886103957891464
2,5,1900,77,73.73764280974865
2,5,2400,15,11.952317886054516
2,5,300,142,141.41521063447
2,5,400,57,59.0064991414547
2,5,725,44,45.310797706246376
2,5,750,91,91.34566164016724
2,5,775,143,140.56062507629395
2,5,800,27,28.2125151604414
2,5,850,62,62.728000834584236
2,6,1700,24,22.87989404797554
2,6,1900,100,95.71057951450348
2,6,2400,28,24.627371966838837
2,6,300,151,149.82985174655914
2,6,400,63,64.88751554489136
2,6,725,42,43.26843248307705
2,6,750,87,87.42976659536362
2,6,775,136,134.05523467063904
2,6,800,14,15.173223216086626
2,6,850,52,52.86838319897652
2,7,1700,23,21.90149261802435
2,7,1900,81,77.67222782969475
2,7,2400,29,25.634086415171623
2,7,300,156,154.39268964529037
2,7,400,80,81.61127564311028
2,7,725,53,54.13667851686478
2,7,750,87,87.40876412391663
2,7,775,131,129.35875394940376
2,7,800,29,30.120199486613274
2,7,850,56,56.76728440821171
2,8,1700,18,16.961265981197357
2,8,1900,83,79.6000526547432
2,8,2400,27,23.705543279647827
2,8,300,159,157.1836085319519
2,8,400,79,80.52237257361412
2,8,725,58,59.047771871089935
2,8,750,99,98.99231299757957
2,8,775,152,148.9747934937477
2,8,800,18,19.074746258556843
2,8,850,65,65.58851705491543
2,9,1700,17,15.957788564264774
2,9,1900,79,75.77376568317413
2,9,2400,17,13.98894589394331
2,9,300,146,145.0946564078331
2,9,400,71,72.63407230377197
2,9,725,66,66.86512160301208
2,9,750,87,87.35994681715965
2,9,775,126,124.62848946452141
2,9,800,27,28.013279005885124
2,9,850,60,60.62927836179733
2,10,1700,17,15.946942076086998
2,10,1900,73,70.06647382676601
2,10,2400,21,17.909896917641163
2,10,300,127,127.16390299797058
2,10,400,67,68.64521545171738
2,10,725,61,61.926431223750114
2,10,750,106,105.6715438067913
2,10,775,141,138.7484992146492
2,10,800,22,22.969807982444763
2,10,850,60,60.59488287568092
2,11,1700,12,10.987738139927387
2,11,1900,79,75.82946023344994
2,11,2400,19,15.985077410936356
2,11,300,116,116.60835373401642
2,11,400,57,58.65643632411957
2,11,725,54,54.941260397434235
2,11,750,96,95.98894104361534
2,11,775,131,129.3360368013382
2,11,800,18,18.914302345365286
2,11,850,57,57.60069139301777
2,12,1700,14,12.956175312399864
2,12,1900,76,73.00177311897278
2,12,2400,20,16.987066071480513
2,12,300,122,122.29972690343857
2,12,400,77,78.37160271406174
2,12,725,52,52.93834200501442
2,12,750,97,96.98603940010071
2,12,775,146,143.40278035402298
2,12,800,20,20.868142753839493
2,12,850,71,71.34571526944637
3,1,1700,24,23.11225126683712
3,1,1900,109,104.2487051486969
3,1,2400,42,38.23059672117233
3,1,300,186,182.14012426137924
3,1,400,75,77.20386159420013
3,1,725,67,68.3649260699749
3,1,750,151,148.3711161017418
3,1,775,245,230.88087302446365
3,1,800,59,60.27488714456558
3,1,850,137,134.9224717617035
3,2,1700,20,19.179101709276438
3,2,1900,102,97.66419863700867
3,2,2400,41,37.314426466822624
3,2,300,136,136.14386835694313
3,2,400,77,79.0939171910286
3,2,725,56,57.50681979954243
3,2,750,110,109.88945364952087
3,2,775,231,219.2142689228058
3,2,800,56,57.28973710536957
3,2,850,107,106.62300395965576
3,3,1700,29,28.01502612233162
3,3,1900,143,135.91570514440536
3,3,2400,37,33.47523307800293
3,3,300,211,204.2409526705742
3,3,400,81,82.99024638533592
3,3,725,50,51.539749801158905
3,3,750,116,115.60468399524689
3,3,775,229,217.60942429304123
3,3,800,35,36.46495249867439
3,3,850,101,100.88137686252594
3,4,1700,26,25.058228492736816
3,4,1900,115,110.0801349580288
3,4,2400,38,34.482665836811066
3,4,300,166,163.9968992471695
3,4,400,88,89.76992943882942
3,4,725,70,71.21077021956444
3,4,750,111,110.82867935299873
3,4,775,196,189.07842880487442
3,4,800,28,29.435441061854362
3,4,850,117,116.17882260680199
3,5,1700,19,18.145239759236574
3,5,1900,106,101.64083030819893
3,5,2400,31,27.717284113168716
3,5,300,207,200.82565051317215
3,5,400,101,102.33840709924698
3,5,725,69,70.21024250984192
3,5,750,109,108.9359914958477
3,5,775,225,214.36664640903473
3,5,800,47,48.283254504203796
3,5,850,95,95.09728139638901
3,6,1700,30,28.965142339468002
3,6,1900,94,90.31842204928398
3,6,2400,20,17.040727339684963
3,6,300,195,190.22320252656937
3,6,400,92,93.6095352768898
3,6,725,55,56.36841355264187
3,6,750,105,105.06841325759888
3,6,775,196,189.16470021009445
3,6,800,40,41.304131388664246
3,6,850,69,69.81627006828785
3,7,1700,24,23.046560615301132
3,7,1900,110,105.54646509885788
3,7,2400,24,20.94867230951786
3,7,300,169,166.76357167959213
3,7,400,76,77.88891661167145
3,7,725,53,54.333518758416176
3,7,750,122,121.29631668329239
3,7,775,228,216.9368076324463
3,7,800,38,39.25457842648029
3,7,850,97,97.0517161488533
3,8,1700,22,21.067985996603966
3,8,1900,104,99.9269415140152
3,8,2400,34,30.715697407722473
3,8,300,175,172.15933459997177
3,8,400,92,93.52398681640625
3,8,725,41,42.36810676753521
3,8,750,112,111.73678135871887
3,8,775,229,217.88803607225418
3,8,800,40,41.21006979048252
3,8,850,105,104.71163076162338
3,9,1700,19,18.090916950255632
3,9,1900,113,108.43639034032822
3,9,2400,40,36.59323811531067
3,9,300,192,187.50366979837418
3,9,400,90,91.47805321216583
3,9,725,57,58.19140675663948
3,9,750,97,97.32914155721664
3,9,775,269,251.16243880987167
3,9,800,39,40.141075506806374
3,9,850,116,115.23188549280167
3,10,1700,18,17.09035564213991
3,10,1900,105,100.94598773121834
3,10,2400,18,15.15593047067523
3,10,300,201,195.60788029432297
3,10,400,81,82.65513369441032
3,10,725,75,75.91872537136078
3,10,750,135,133.5377452671528
3,10,775,211,202.36324274539948
3,10,800,35,36.115329936146736
3,10,850,144,141.64231723546982
3,11,1700,20,19.05715576186776
3,11,1900,93,89.56286138296127
3,11,2400,30,26.885211795568466
3,11,300,168,165.70588499307632
3,11,400,79,80.5843141078949
3,11,725,54,55.12546764314175
3,11,750,125,124.05458256602287
3,11,775,215,205.95142138004303
3,11,800,31,32.06102341413498
3,11,850,121,119.9748849272728
3,12,1700,26,24.974779352545738
3,12,1900,91,87.70079672336578
3,12,2400,26,23.01165072619915
3,12,300,161,159.23415786027908
3,12,400,69,70.71258714795113
3,12,725,64,64.99576725065708
3,12,750,128,126.91099283099174
3,12,775,251,236.56292206048965
3,12,800,37,38.00095517933369
3,12,850,121,119.95674642920494
4,1,1700,20,19.383626714348793
4,1,1900,83,79.87872004508972
4,1,2400,16,13.250877246260643
4,1,300,102,104.01044851541519
4,1,400,47,49.73199404776096
4,1,725,31,32.960287883877754
4,1,750,86,87.08214139938354
4,1,775,140,138.39895543456078
4,1,800,29,30.783732995390892
4,1,850,94,94.44861459732056
4,2,1700,17,16.39707249403
4,2,1900,93,89.48387503623962
4,2,2400,14,11.30858425796032
4,2,300,100,102.0653749704361
4,2,400,41,43.67848117649555
4,2,725,23,24.911853037774563
4,2,750,84,85.07140964269638
4,2,775,110,110.09260112047195
4,2,800,30,31.708852007985115
4,2,850,89,89.59899008274078
4,3,1700,30,29.181543797254562
4,3,1900,113,108.42273780703545
4,3,2400,21,18.141283258795738
4,3,300,127,127.96650141477585
4,3,400,59,61.52475664019585
4,3,725,32,33.84184484183788
4,3,750,76,77.27404284477234
4,3,775,124,123.38013073801994
4,3,800,22,23.665686316788197
4,3,850,97,97.36369460821152
4,4,1700,39,38.01394037902355
4,4,1900,113,108.48629206418991
4,4,2400,17,14.257897555828094
4,4,300,121,122.22999981045723
4,4,400,54,56.486397206783295
4,4,725,21,22.762480407953262
4,4,750,80,81.17802783846855
4,4,775,104,104.33644098043442
4,4,800,17,18.59140556678176
4,4,850,99,99.25834739208221
4,5,1700,27,26.205138608813286
4,5,1900,86,82.95446988940239
4,5,2400,26,23.06149683892727
4,5,300,117,118.35024273395538
4,5,400,50,52.451892882585526
4,5,725,29,30.723339304327965
4,5,750,85,85.96420931816101
4,5,775,122,121.516814827919
4,5,800,28,29.545560374855995
4,5,850,68,69.06609904766083
4,6,1700,30,29.15030424296856
4,6,1900,100,96.3224780857563
4,6,2400,17,14.283920090645552
4,6,300,107,108.66854828596115
4,6,400,61,63.3404091745615
4,6,725,20,21.639927968382835
4,6,750,92,92.80417484045029
4,6,775,96,96.54932516813278
4,6,800,22,23.480929911136627
4,6,850,62,63.13337355852127
4,7,1700,34,33.087257370352745
4,7,1900,95,91.59603223204613
4,7,2400,17,14.296777848154306
4,7,300,130,130.67481923103333
4,7,400,64,66.25498405098915
4,7,725,29,30.602056056261063
4,7,750,59,60.40533232688904
4,7,775,99,99.46612912416458
4,7,800,22,23.42057792842388
4,7,850,60,61.11300717294216
4,8,1700,29,28.153641507029533
4,8,1900,74,71.47659607231617
4,8,2400,13,10.395119253546
4,8,300,118,119.18667125701904
4,8,400,62,64.19752967357635
4,8,725,16,17.481094527989626
4,8,750,58,59.38460850715637
4,8,775,100,100.39889466762543
4,8,800,19,20.349455393850803
4,8,850,74,74.86061233282089
4,9,1700,26,25.17693740874529
4,9,1900,68,65.69384454190731
4,9,2400,23,20.202762492001057
4,9,300,110,111.4690230190754
4,9,400,54,56.161475256085396
4,9,725,25,26.461865089833736
4,9,750,72,73.16487130522728
4,9,775,105,105.21001774072647
4,9,800,30,31.312886834144592
4,9,850,62,63.022883504629135
4,10,1700,44,42.90935602784157
4,10,1900,75,72.5101567953825
4,10,2400,18,15.318352054804564
4,10,300,120,120.99147498607635
4,10,400,44,46.109299436211586
4,10,725,28,29.409985065460205
4,10,750,69,70.17063347995281
4,10,775,95,95.49559614062309
4,10,800,15,16.19761737063527
4,10,850,66,66.91512528061867
4,11,1700,25,24.14937573671341
4,11,1900,56,54.04980465769768
4,11,2400,17,14.34231062233448
4,11,300,111,112.31920602917671
4,11,400,51,53.02845984697342
4,11,725,32,33.365832075476646
4,11,750,79,79.90478312969208
4,11,775,126,125.20642817020416
4,11,800,19,20.164502032101154
4,11,850,91,91.4099851846695
4,12,1700,28,27.100250780582428
4,12,1900,90,86.95323479175568
4,12,2400,9,6.497923452407122
4,12,300,114,115.12018126249313
4,12,400,40,41.961436450481415
4,12,725,18,19.232745599001646
4,12,750,88,88.69978585839272
4,12,775,106,106.0780519247055
4,12,800,11,12.044904630631208
4,12,850,89,89.3821993470192
5,1,1700,22,21.535861000418663
5,1,1900,70,67.69211013615131
5,1,2400,15,12.46562023460865
5,1,300,83,85.790785998106
5,1,400,65,67.79235383868217
5,1,725,27,29.136030718684196
5,1,750,72,73.67058968544006
5,1,775,119,118.92149883508682
5,1,800,24,25.954633623361588
5,1,850,74,75.28412355482578
5,2,1700,17,16.57492269203067
5,2,1900,59,57.06994800269604
5,2,2400,10,7.59180835261941
5,2,300,78,80.81902089715004
5,2,400,54,56.81271870434284
5,2,725,15,17.036577358841896
5,2,750,94,95.05366373062134
5,2,775,121,120.87417256832123
5,2,800,20,21.89611455798149
5,2,850,64,65.46797528862953
5,3,1700,28,27.41174727678299
5,3,1900,77,74.48501473665237
5,3,2400,12,9.544166376814246
5,3,300,115,116.7987477183342
5,3,400,63,65.68278256058693
5,3,725,20,21.995005056262016
5,3,750,84,85.30038848519325
5,3,775,116,116.11057847738266
5,3,800,24,25.82201497256756
5,3,850,74,75.23390206694603
5,4,1700,21,20.4782252907753
5,4,1900,71,68.73210321366787
5,4,2400,20,17.38461384549737
5,4,300,104,106.14750096201897
5,4,400,45,47.69875831902027
5,4,725,27,28.93296666443348
5,4,750,69,70.62426739931107
5,4,775,129,128.43405202031136
5,4,800,23,24.76779007911682
5,4,850,66,67.3439149260521
5,5,1700,16,15.51474393159151
5,5,1900,78,75.50003841519356
5,5,2400,26,23.257600232958794
5,5,300,115,116.7325519323349
5,5,400,67,69.55001786351204
5,5,725,28,29.875672698020935
5,5,750,89,90.13065105676651
5,5,775,124,123.69259116053581
5,5,800,21,22.684068709611893
5,5,850,69,70.297751262784
5,6,1700,18,17.475474327802658
5,6,1900,76,73.62557247281075
5,6,2400,21,18.37242166697979
5,6,300,109,110.91290241479874
5,6,400,61,63.537842601537704
5,6,725,42,43.808731719851494
5,6,750,74,75.43998765945435
5,6,775,128,127.50498461723328
5,6,800,32,33.65595072507858
5,6,850,74,75.14931753277779
5,7,1700,29,28.342413499951363
5,7,1900,81,78.48440989851952
5,7,2400,27,24.25271049141884
5,7,300,116,117.60494232177734
5,7,400,73,75.36601558327675
5,7,725,32,33.7628538608551
5,7,750,78,79.31614854931831
5,7,775,143,141.58043131232262
5,7,800,26,27.585346698760986
5,7,850,76,77.0914900302887
5,8,1700,26,25.358903989195824
5,8,1900,90,87.12388682365417
5,8,2400,25,22.31681278347969
5,8,300,161,160.02283495664597
5,8,400,72,74.33072628080845
5,8,725,29,30.690681666135788
5,8,750,86,87.15723496675491
5,8,775,157,154.6457295715809
5,8,800,32,33.53816170990467
5,8,850,86,86.86156910657883
5,9,1700,17,16.40806032717228
5,9,1900,73,70.79283401370049
5,9,2400,18,15.471402004361153
5,9,300,120,121.31165608763695
5,9,400,61,63.34142407774925
5,9,725,20,21.575571984052658
5,9,750,95,95.85119226574898
5,9,775,109,109.35326963663101
5,9,800,23,24.447414338588715
5,9,850,60,61.23416993021965
5,10,1700,33,32.23488698899746
5,10,1900,93,90.09205693006516
5,10,2400,13,10.56475754082203
5,10,300,146,146.00916296243668
5,10,400,61,63.27266091108322
5,10,725,27,28.53798858821392
5,10,750,92,92.9369834959507
5,10,775,138,136.93646603822708
5,10,800,16,17.331407893449068
5,10,850,90,90.64972537755966
5,11,1700,22,21.32663106173277
5,11,1900,64,62.07757765054703
5,11,2400,13,10.568033963441849
5,11,300,112,113.52995309233665
5,11,400,50,52.20491920411587
5,11,725,15,16.38135076314211
5,11,750,71,72.2777068912983
5,11,775,116,116.0085135102272
5,11,800,19,20.286598592996597
5,11,850,74,74.97050920128822
5,12,1700,21,20.303703650832176
5,12,1900,71,68.87825390696526
5,12,2400,13,10.570195846259594
5,12,300,105,106.70016440749168
5,12,400,57,59.11583063006401
5,12,725,21,22.362474158406258
5,12,750,74,75.18510329723358
5,12,775,149,147.1500068306923
5,12,800,18,19.215799264609814
5,12,850,72,72.98401463031769
6,1,1700,7,6.880993794649839
6,1,1900,91,88.15117275714874
6,1,2400,13,10.710320841521025
6,1,300,131,132.34678649902344
6,1,400,49,52.1233376711607
6,1,725,41,43.30114109814167
6,1,750,142,141.00536584854126
6,1,775,209,201.4726860523224
6,1,800,52,54.03313522040844
6,1,850,47,48.92479380965233
6,2,1700,14,13.781587038189173
6,2,1900,80,77.64612767100334
6,2,2400,16,13.644558887928724
6,2,300,85,87.91198927164078
6,2,400,43,46.05301170051098
6,2,725,43,45.24532949924469
6,2,750,116,116.49618607759476
6,2,775,224,214.5630834698677
6,2,800,40,42.062755301594734
6,2,850,41,42.913633450865746
6,3,1700,13,12.761934891343117
6,3,1900,88,85.33413517475128
6,3,2400,15,12.662275105714798
6,3,300,124,125.65880620479584
6,3,400,58,60.94789308309555
6,3,725,44,46.169957280159
6,3,750,145,143.87816286087036
6,3,775,216,207.68396770954132
6,3,800,46,47.97879281640053
6,3,850,31,32.8774643689394
6,4,1700,8,7.7637568190693855
6,4,1900,105,101.59240227937698
6,4,2400,14,11.687802370637655
6,4,300,126,127.51556926965714
6,4,400,44,46.887442857027054
6,4,725,41,43.11855120956898
6,4,750,148,146.65373307466507
6,4,775,202,195.52012592554092
6,4,800,32,33.942741975188255
6,4,850,44,45.793196484446526
6,5,1700,13,12.699456941336393
6,5,1900,83,80.59475973248482
6,5,2400,17,14.631279975175858
6,5,300,147,147.38651171326637
6,5,400,54,56.800414741039276
6,5,725,29,31.04287624359131
6,5,750,152,150.4093753695488
6,5,775,222,213.0555027127266
6,5,800,34,35.87556253373623
6,5,850,40,41.76741383969784
6,6,1700,12,11.668984953314066
6,6,1900,109,105.50637874007225
6,6,2400,16,13.657513964921236
6,6,300,153,152.97880437970161
6,6,400,58,60.74509781599045
6,6,725,53,54.96108576655388
6,6,750,145,143.9116593003273
6,6,775,217,208.77123951911926
6,6,800,32,33.81738984584808
6,6,850,53,54.63997781276703
6,7,1700,12,11.63809296861291
6,7,1900,101,97.90116694569588
6,7,2400,33,30.309624910354614
6,7,300,163,162.2018460035324
6,7,400,60,62.6440836340189
6,7,725,66,67.78856764733791
6,7,750,134,133.56838700175285
6,7,775,249,236.10711467266083
6,7,800,31,32.74574476480484
6,7,850,44,45.63617844879627
6,8,1700,11,10.615273304283619
6,8,1900,98,95.11083197593689
6,8,2400,13,10.714779000729322
6,8,300,134,135.04890367388725
6,8,400,49,51.60719683766365
6,8,725,41,42.873797342181206
6,8,750,126,125.93258908390999
6,8,775,229,219.2032949924469
6,8,800,35,36.69928854703903
6,8,850,43,44.59728832542896
6,9,1700,15,14.56191435456276
6,9,1900,95,92.23497635126114
6,9,2400,18,15.634612571448088
6,9,300,152,151.9803342819214
6,9,400,53,55.524551674723625
6,9,725,51,52.789526611566544
6,9,750,129,128.8028557896614
6,9,775,209,201.85580968856812
6,9,800,38,39.64298512041569
6,9,850,43,44.54207110404968
6,10,1700,9,8.560140691697598
6,10,1900,85,82.62280508875847
6,10,2400,20,17.606311105191708
6,10,300,151,151.02114418148994
6,10,400,51,53.43314670026302
6,10,725,52,53.752600222826004
6,10,750,136,135.399059176445
6,10,775,253,239.5372650027275
6,10,800,23,24.514061965048313
6,10,850,56,57.42444580793381
6,11,1700,15,14.501476638019085
6,11,1900,86,83.66446650028229
6,11,2400,15,12.676311124116182
6,11,300,115,116.72113311290741
6,11,400,51,53.35549038648605
6,11,725,54,55.661026030778885
6,11,750,133,132.57865712046623
6,11,775,205,198.418337225914
6,11,800,31,32.488010331988335
6,11,850,54,55.37123641371727
6,12,1700,13,12.483317319303751
6,12,1900,81,78.834732234478
6,12,2400,17,14.647463973611593
6,12,300,126,127.1813092827797
6,12,400,50,52.28596779704094
6,12,725,57,58.588312685489655
6,12,750,153,151.31309336423874
6,12,775,196,190.47734540700912
6,12,800,36,37.45547020435333
6,12,850,69,70.22789904475212
7,1,1700,16,15.972300752997398
7,1,1900,80,77.88799902796745
7,1,2400,16,13.83552172780037
7,1,300,73,76.42266419529915
7,1,400,35,38.27540539205074
7,1,725,40,42.50434014201164
7,1,750,123,123.44060784578323
7,1,775,216,207.96285754442215
7,1,800,38,40.30261194705963
7,1,850,49,51.12265703082085
7,2,1700,8,7.996037572622299
7,2,1900,72,70.1918583959341
7,2,2400,15,12.847653660923243
7,2,300,105,107.70342633128166
7,2,400,22,25.078232280910015
7,2,725,28,30.408654436469078
7,2,750,176,172.69598203897476
7,2,775,173,169.83119302988052
7,2,800,28,30.231579318642616
7,2,850,47,49.072385758161545
7,3,1700,21,20.8540870398283
7,3,1900,57,55.612009450793266
7,3,2400,19,16.772171907126904
7,3,300,118,120.19480842351913
7,3,400,30,33.052106499671936
7,3,725,35,37.3593927025795
7,3,750,141,140.4398376941681
7,3,775,201,195.061667740345
7,3,800,34,36.17158059775829
7,3,850,45,47.017081677913666
7,4,1700,16,15.869757298380136
7,4,1900,75,73.14198732376099
7,4,2400,21,18.728025902062654
7,4,300,106,108.57780945301056
7,4,400,44,47.060736417770386
7,4,725,38,40.29539176821709
7,4,750,192,187.127590239048
7,4,775,198,192.42390191555023
7,4,800,30,32.09161880612373
7,4,850,56,57.90717361867428
7,5,1700,15,14.836728356778622
7,5,1900,65,63.43891966342926
7,5,2400,17,14.808834739029408
7,5,300,113,115.29538413882256
7,5,400,37,39.93672776222229
7,5,725,38,40.22915890812874
7,5,750,212,204.8830202817917
7,5,775,221,212.55783867835999
7,5,800,35,37.04949502646923
7,5,850,56,57.860376849770546
7,6,1700,21,20.766311816871166
7,6,1900,79,77.00719282031059
7,6,2400,22,19.721737772226334
7,6,300,114,116.20607206225395
7,6,400,35,37.84270443022251
7,6,725,26,28.10828599333763
7,6,750,208,201.46801471710205
7,6,775,229,219.53831499814987
7,6,800,42,43.97902691364288
7,6,850,57,58.79237774014473
7,7,1700,14,13.777618952095509
7,7,1900,65,63.46384271979332
7,7,2400,12,9.885289125144482
7,7,300,103,105.55651217699051
7,7,400,38,40.781567469239235
7,7,725,32,34.07166711986065
7,7,750,171,168.27308028936386
7,7,775,246,234.0142267346382
7,7,800,38,39.92736192047596
7,7,850,48,49.78969523310661
7,8,1700,27,26.66824959218502
7,8,1900,76,74.17869007587433
7,8,2400,18,15.797072388231754
7,8,300,112,114.2035336792469
7,8,400,44,46.73864136636257
7,8,725,39,41.019115060567856
7,8,750,183,179.1939576268196
7,8,775,217,209.2674576640129
7,8,800,31,32.83185397088528
7,8,850,44,45.75380526483059
7,9,1700,15,14.702681194990873
7,9,1900,90,87.69599562883377
7,9,2400,20,17.76742582768202
7,9,300,98,100.55163064599037
7,9,400,27,29.481348052620888
7,9,725,28,29.895743682980537
7,9,750,194,189.17311602830887
7,9,775,207,200.52275520563126
7,9,800,34,35.77879452705383
7,9,850,50,51.68630367517471
7,10,1700,15,14.668182596564293
7,10,1900,68,66.41000935435295
7,10,2400,19,16.775509733706713
7,10,300,123,124.71901512145996
7,10,400,30,32.42834885418415
7,10,725,48,49.90278047323227
7,10,750,158,156.2560333609581
7,10,775,231,221.39255702495575
7,10,800,41,42.74253189563751
7,10,850,57,58.58961954712868
7,11,1700,14,13.638586483895779
7,11,1900,62,60.553183794021606
7,11,2400,30,27.590342432260513
7,11,300,76,78.70987597107887
7,11,400,27,29.299444034695625
7,11,725,26,27.735839694738388
7,11,750,197,191.7701559662819
7,11,775,249,236.72840225696564
7,11,800,34,35.64311262965202
7,11,850,53,54.56340128183365
7,12,1700,7,6.607013959437609
7,12,1900,70,68.37567755579948
7,12,2400,12,9.855050571262836
7,12,300,81,83.60077321529388
7,12,400,35,37.320548325777054
7,12,725,35,36.731973990798
7,12,750,213,206.0061612725258
7,12,775,256,242.5802691578865
7,12,800,35,36.58561012148857
7,12,850,60,61.46130433678627
8,1,1700,5,5.218193095177412
8,1,1900,61,59.747827991843224
8,1,2400,9,7.1587389670312405
8,1,300,58,61.738484129309654
8,1,400,20,23.31014348566532
8,1,725,16,18.58175240084529
8,1,750,192,187.3623062968254
8,1,775,181,177.4403902888298
8,1,800,51,53.42369744181633
8,1,850,56,58.25382561981678
8,2,1700,7,7.158009070903063
8,2,1900,56,54.87533339858055
8,2,2400,10,8.129871558398008
8,2,300,74,77.55055066943169
8,2,400,14,17.117950350046158
8,2,725,16,18.49302599579096
8,2,750,175,172.09280514717102
8,2,775,149,148.09665662050247
8,2,800,41,43.41695128381252
8,2,850,56,58.20562003552914
8,3,1700,10,10.103199034929276
8,3,1900,70,68.52189776301384
8,3,2400,27,24.795317590236664
8,3,300,80,83.45361688733101
8,3,400,23,26.143030241131783
8,3,725,14,16.38331800699234
8,3,750,134,134.18101778626442
8,3,775,199,193.57114106416702
8,3,800,40,42.36652185022831
8,3,850,62,64.10028897225857
8,4,1700,10,10.060628712177277
8,4,1900,61,59.78211225569248
8,4,2400,27,24.799571841955185
8,4,300,72,75.45889081060886
8,4,400,21,24.005491197109222
8,4,725,15,17.302779745310545
8,4,750,147,146.38663280010223
8,4,775,166,163.87101417779922
8,4,800,49,51.28969433903694
8,4,850,54,56.108630776405334
8,5,1700,6,6.023765549063683
8,5,1900,70,68.55595494806767
8,5,2400,20,17.943126887083054
8,5,300,79,82.27524477243423
8,5,400,16,18.838559981435537
8,5,725,14,16.2089122235775
8,5,750,201,195.65889424085617
8,5,775,177,174.02247440814972
8,5,800,52,54.22201380133629
8,5,850,49,51.10445365309715
8,6,1700,20,19.945739418268204
8,6,1900,78,76.30962066352367
8,6,2400,12,10.052398264408112
8,6,300,87,90.15557411313057
8,6,400,12,14.663124300539494
8,6,725,13,15.114044860005379
8,6,750,193,188.53097426891327
8,6,775,205,199.08238977193832
8,6,800,60,62.09926599264145
8,6,850,50,52.03291396796703
8,7,1700,14,13.923639886081219
8,7,1900,73,71.49940127134323
8,7,2400,31,28.74297122657299
8,7,300,82,85.14528903365135
8,7,400,23,25.75337229669094
8,7,725,19,21.099865078926086
8,7,750,162,160.38521564006805
8,7,775,167,164.905826151371
8,7,800,43,45.11333183944225
8,7,850,71,72.82144938409328
8,8,1700,9,8.894580256193876
8,8,1900,73,71.51082935929298
8,8,2400,14,12.01083006709814
8,8,300,75,78.15213337540627
8,8,400,21,23.61334928870201
8,8,725,20,22.03579118847847
8,8,750,154,152.9246020615101
8,8,775,167,164.91589176654816
8,8,800,46,48.052913188934326
8,8,850,46,47.935703456401825
8,9,1700,4,3.848873781040311
8,9,1900,51,49.970297023653984
8,9,2400,15,12.98625398427248
8,9,300,89,91.90449792146683
8,9,400,15,17.412827227264643
8,9,725,15,16.87881089001894
8,9,750,137,136.9532235264778
8,9,775,192,187.54741722345352
8,9,800,48,49.965509831905365
8,9,850,47,48.8622961640358
8,10,1700,6,5.804125901311636
8,10,1900,76,74.44425641000271
8,10,2400,14,11.993035662919283
8,10,300,111,113.3853178024292
8,10,400,16,18.33742720261216
8,10,725,20,21.87237787246704
8,10,750,133,133.19228890538216
8,10,775,211,204.41518235206604
8,10,800,46,47.92396950721741
8,10,850,56,57.7874938249588
8,11,1700,14,13.766508311033249
8,11,1900,64,62.73791351914406
8,11,2400,18,15.940289594233036
8,11,300,78,80.86376005411148
8,11,400,22,24.344649598002434
8,11,725,13,14.68779942393303
8,11,750,173,170.44502872228622
8,11,775,217,209.75071841478348
8,11,800,49,50.86204472184181
8,11,850,48,49.72466264665127
8,12,1700,15,14.722116127610207
8,12,1900,90,88.00041097402573
8,12,2400,11,9.003483075648546
8,12,300,88,90.7106103003025
8,12,400,23,25.270658388733864
8,12,725,22,23.72691185772419
8,12,750,167,164.99120777845383
8,12,775,178,174.92380112409592
8,12,800,46,47.789066165685654
8,12,850,54,55.658328890800476
9,1,1700,9,9.357470532879233
9,1,1900,72,70.6876687258482
9,1,2400,16,14.215143021196127
9,1,300,105,108.25433802604675
9,1,400,27,30.523319959640503
9,1,725,21,23.764064729213715
9,1,750,128,128.79258626699448
9,1,775,195,190.33312720060349
9,1,800,98,99.84994789958
9,1,850,81,83.11809638142586
9,2,1700,17,17.26651781052351
9,2,1900,55,54.1425918340683
9,2,2400,3,1.4057787843048573
9,2,300,86,89.64776104688644
9,2,400,28,31.43976826965809
9,2,725,22,24.69026120752096
9,2,750,115,116.40787559747696
9,2,775,172,169.7129266858101
9,2,800,46,48.60445050895214
9,2,850,53,55.428673446178436
9,3,1700,17,17.22501800209284
9,3,1900,75,73.63531368970871
9,3,2400,27,24.992445155978203
9,3,300,105,108.1672046482563
9,3,400,37,40.43058706820011
9,3,725,24,26.61437862366438
9,3,750,130,130.67243722081184
9,3,775,219,211.54864490032196
9,3,800,53,55.50869323313236
9,3,850,64,66.3009837269783
9,4,1700,7,7.212556062266231
9,4,1900,75,73.6545829474926
9,4,2400,14,12.212378717958927
9,4,300,110,112.98827284574509
9,4,400,26,29.222691401839256
9,4,725,24,26.53015787899494
9,4,750,145,144.85550999641418
9,4,775,188,184.23217803239822
9,4,800,54,56.434535190463066
9,4,850,66,68.20934465527534
9,5,1700,9,9.164610542356968
9,5,1900,65,63.91463120281696
9,5,2400,20,18.12078708037734
9,5,300,113,115.81268817186356
9,5,400,31,34.181689113378525
9,5,725,24,26.446585930883884
9,5,750,101,102.80083221197128
9,5,775,203,197.68347316980362
9,5,800,57,59.36468581855297
9,5,850,71,73.11965018510818
9,6,1700,9,9.117944691330194
9,6,1900,62,60.98981460928917
9,6,2400,22,20.07773707807064
9,6,300,119,121.56442722678185
9,6,400,38,41.171577617526054
9,6,725,16,18.27675198018551
9,6,750,134,134.4802242219448
9,6,775,213,206.5491669178009
9,6,800,71,73.21454131603241
9,6,850,55,57.21304935216904
9,7,1700,11,11.069521263241768
9,7,1900,81,79.5233556330204
9,7,2400,17,15.138662055134773
9,7,300,128,130.20761156082153
9,7,400,39,42.07787226140499
9,7,725,19,21.227666415274143
9,7,750,111,112.45319178700447
9,7,775,184,180.76419359445572
9,7,800,37,39.23598113656044
9,7,850,43,45.16281647980213
9,8,1700,10,10.027476366609335
9,8,1900,70,68.82463550567627
9,8,2400,22,20.065639339387417
9,8,300,127,129.2167694568634
9,8,400,33,35.91511595249176
9,8,725,27,29.23008304834366
9,8,750,128,128.75230526924133
9,8,775,183,179.8203985095024
9,8,800,43,45.21125377714634
9,8,850,86,87.79872792959213
9,9,1700,12,11.976886421442032
9,9,1900,56,55.10129997134209
9,9,2400,9,7.207231875509024
9,9,300,109,111.76855385303497
9,9,400,39,41.89486528933048
9,9,725,17,19.024473793804646
9,9,750,90,91.91274690628052
9,9,775,191,187.0989875793457
9,9,800,51,53.13526102900505
9,9,850,67,68.98109279572964
9,10,1700,16,15.940456427633762
9,10,1900,85,83.38726353645325
9,10,2400,11,9.16892272233963
9,10,300,114,116.50449067354202
9,10,400,32,34.72257690131664
9,10,725,24,26.02933096140623
9,10,750,102,103.5910108089447
9,10,775,211,204.80822330713272
9,10,800,53,55.08286488056183
9,10,850,91,92.62915733456612
9,11,1700,22,21.89620029181242
9,11,1900,76,74.6814147233963
9,11,2400,19,17.07348809018731
9,11,300,75,78.10696786642075
9,11,400,44,46.77652181684971
9,11,725,26,27.983142405748367
9,11,750,111,112.32010507583618
9,11,775,182,179.01318436861038
9,11,800,48,49.99427469074726
9,11,850,86,87.66698515415192
9,12,1700,25,24.851989969611168
9,12,1900,76,74.67864806950092
9,12,2400,13,11.119049929082394
9,12,300,71,74.00629556179047
9,12,400,39,41.612851962447166
9,12,725,28,29.917228117585182
9,12,750,96,97.6418522298336
9,12,775,197,192.42942595481873
9,12,800,50,51.941609755158424
9,12,850,76,77.73129612207413
10,1,1700,13,13.503578871488571
10,1,1900,58,57.30352866649628
10,1,2400,12,10.461735598742962
10,1,300,84,87.91267514228821
10,1,400,36,39.78546084463596
10,1,725,27,29.96389976143837
10,1,750,167,165.54138725996017
10,1,775,129,129.93153935670853
10,1,800,59,61.78345499932766
10,1,850,62,64.61332021653652
10,2,1700,18,18.43602342531085
10,2,1900,48,47.48339030146599
10,2,2400,22,20.28839436918497
10,2,300,103,106.53853991627693
10,2,400,22,25.509392350912094
10,2,725,20,22.827360063791275
10,2,750,102,104.08467084169388
10,2,775,150,149.73323667049408
10,2,800,53,55.76096387207508
10,2,850,65,67.53515234589577
10,3,1700,12,12.40040922909975
10,3,1900,79,77.719219237566
10,3,2400,24,22.240366011857986
10,3,300,106,109.37469846010208
10,3,400,35,38.575344040989876
10,3,725,29,31.819963052868843
10,3,750,130,130.9669445157051
10,3,775,141,141.28366249799728
10,3,800,71,73.5663466155529
10,3,850,65,67.48792922496796
10,4,1700,21,21.327221930027008
10,4,1900,47,46.4964502453804
10,4,2400,23,21.26192982494831
10,4,300,99,102.50724250078201
10,4,400,30,33.40477377176285
10,4,725,14,16.559204436838627
10,4,750,139,139.52262473106384
10,4,775,122,123.27448812127113
10,4,800,52,54.65447378158569
10,4,850,44,46.518435180187225
10,5,1700,14,14.303308680653572
10,5,1900,57,56.30376097559929
10,5,2400,10,8.419704042375088
10,5,300,98,101.48444253206253
10,5,400,35,38.38173387944698
10,5,725,14,16.464446540921926
10,5,750,118,119.49043780565262
10,5,775,152,151.62078976631165
10,5,800,58,60.57746732234955
10,5,850,44,46.45261013507843
10,6,1700,12,12.253141678869724
10,6,1900,60,59.243638917803764
10,6,2400,10,8.400337465107441
10,6,300,97,100.45698976516724
10,6,400,36,39.303645983338356
10,6,725,28,30.551570415496826
10,6,750,115,116.62294238805771
10,6,775,123,124.19582557678223
10,6,800,57,59.49600687623024
10,6,850,48,50.379794239997864
10,7,1700,22,22.2064478546381
10,7,1900,78,76.8239958435297
10,7,2400,9,7.389309098944068
10,7,300,88,91.49567267298698
10,7,400,49,52.34546707570553
10,7,725,22,24.39449107646942
10,7,750,117,118.50101378560066
10,7,775,146,146.00991371273994
10,7,800,45,47.42529056966305
10,7,850,49,51.34180197119713
10,8,1700,17,17.163455318659544
10,8,1900,76,74.91006916761398
10,8,2400,15,13.305049441754818
10,8,300,90,93.37506020069122
10,8,400,44,47.19877715408802
10,8,725,27,29.364142954349518
10,8,750,115,116.57208600640297
10,8,775,182,179.34989124536514
10,8,800,63,65.35583543777466
10,8,850,61,63.26359166204929
10,9,1700,10,10.108217939734459
10,9,1900,71,70.02130368351936
10,9,2400,10,8.340452384203672
10,9,300,97,100.26164638996124
10,9,400,34,36.97223262488842
10,9,725,22,24.21760132908821
10,9,750,128,129.01186096668243
10,9,775,143,143.1323248744011
10,9,800,55,57.33385990560055
10,9,850,54,56.19055061042309
10,10,1700,11,11.057043515145779
10,10,1900,79,77.80209836363792
10,10,2400,19,17.237995091825724
10,10,300,71,74.3586106300354
10,10,400,29,31.79837666451931
10,10,725,28,30.210966125130653
10,10,750,126,127.02239120006561
10,10,775,141,141.24985092878342
10,10,800,59,61.25293405354023
10,10,850,69,71.1171813160181
10,11,1700,7,6.98855847120285
10,11,1900,66,65.10091400146484
10,11,2400,17,15.236472770571709
10,11,300,101,103.99634182453156
10,11,400,31,33.72416704893112
10,11,725,18,19.978457301855087
10,11,750,120,121.22721058130264
10,11,775,159,158.1173750758171
10,11,800,72,74.16100573539734
10,11,850,56,58.07142573595047
10,12,1700,14,13.965355187654495
10,12,1900,66,65.08863320946693
10,12,2400,20,18.20029478147626
10,12,300,82,85.16156455874443
10,12,400,41,43.78149616718292
10,12,725,25,26.993917658925056
10,12,750,121,122.20971101522446
10,12,775,144,144.06941881775856
10,12,800,58,60.128439858555794
10,12,850,40,41.948145389556885
11,1,1700,21,21.628993429243565
11,1,1900,95,93.37624657154083
11,1,2400,14,12.614990580826998
11,1,300,100,103.86544248461723
11,1,400,47,51.021695017814636
11,1,725,26,29.12653511762619
11,1,750,181,178.62542647123337
11,1,775,193,189.3156288266182
11,1,800,47,50.028823107481
11,1,850,119,120.39519387483597
11,2,1700,17,17.600109305232763
11,2,1900,85,83.76143378019333
11,2,2400,21,19.488129302859306
11,2,300,79,83.11006984114647
11,2,400,30,33.75661151111126
11,2,725,23,26.005221217870712
11,2,750,136,136.94413110613823
11,2,775,164,163.0147880911827
11,2,800,36,38.939851850271225
11,2,850,71,73.6809333562851
11,3,1700,21,21.53646808862686
11,3,1900,76,75.10197392106056
11,3,2400,13,11.589357919991016
11,3,300,104,107.69379633665085
11,3,400,38,41.76187589764595
11,3,725,17,19.828782252967358
11,3,750,171,169.5673552751541
11,3,775,171,169.46608740091324
11,3,800,49,51.90547642111778
11,3,850,82,84.48934644460678
11,4,1700,22,22.494444012641907
11,4,1900,67,66.34456431865692
11,4,2400,17,15.516317263245583
11,4,300,89,92.88588613271713
11,4,400,45,48.72029313445091
11,4,725,20,22.781529538333416
11,4,750,136,136.9493863582611
11,4,775,171,169.4949495792389
11,4,800,32,34.748695597052574
11,4,850,76,78.54242157936096
11,5,1700,17,17.451884780079126
11,5,1900,82,80.95759457349777
11,5,2400,18,16.49310365319252
11,5,300,103,106.62255907058716
11,5,400,30,33.44343741238117
11,5,725,21,23.688035041093826
11,5,750,148,148.26105239987373
11,5,775,209,203.68135637044907
11,5,800,48,50.742652252316475
11,5,850,68,70.56866553425789
11,6,1700,21,21.398862972855568
11,6,1900,75,74.17539048194885
11,6,2400,13,11.52551170438528
11,6,300,91,94.77622905373573
11,6,400,45,48.53394949436188
11,6,725,25,27.65527306497097
11,6,750,159,158.54806476831436
11,6,775,184,181.4544575214386
11,6,800,30,32.55347853899002
11,6,850,64,66.55469098687172
11,7,1700,22,22.35881309211254
11,7,1900,104,102.24399793148041
11,7,2400,19,17.444773506373167
11,7,300,104,107.47017470002174
11,7,400,51,54.49510154128075
11,7,725,19,21.47760833799839
11,7,750,156,155.7236494421959
11,7,775,196,192.28822928667068
11,7,800,31,33.48727288842201
11,7,850,82,84.32789805531502
11,8,1700,24,24.306718170642853
11,8,1900,91,89.75796377658844
11,8,2400,28,26.32859532535076
11,8,300,110,113.26820075511932
11,8,400,36,39.24722848832607
11,8,725,26,28.494862154126167
11,8,750,140,140.72971072793007
11,8,775,149,149.0924295783043
11,8,800,43,45.52880261838436
11,8,850,74,76.3611119389534
11,9,1700,16,16.253862239420414
11,9,1900,96,94.54148519039154
11,9,2400,21,19.383569944649935
11,9,300,106,109.27367156744003
11,9,400,38,41.16994635760784
11,9,725,20,22.31195144355297
11,9,750,152,152.0191879272461
11,9,775,153,152.8570438027382
11,9,800,32,34.33846153318882
11,9,850,59,61.376497358083725
11,10,1700,24,24.214125633239746
11,10,1900,78,77.07454717159271
11,10,2400,23,21.359258577227592
11,10,300,127,129.63467785716057
11,10,400,33,35.97515280544758
11,10,725,25,27.291534543037415
11,10,750,150,150.15049627423286
11,10,775,175,173.19095820188522
11,10,800,32,34.25400212407112
11,10,850,66,68.2837245464325
11,11,1700,18,18.1597449965775
11,11,1900,82,80.99702286720276
11,11,2400,26,24.313169062137604
11,11,300,84,87.40075612068176
11,11,400,37,39.94462454319
11,11,725,18,20.083995647728443
11,11,750,152,151.98353192210197
11,11,775,155,154.67466589808464
11,11,800,31,33.149926483631134
11,11,850,88,90.0422942340374
11,12,1700,18,18.106946859508753
11,12,1900,59,58.414124712347984
11,12,2400,15,13.364321641623974
11,12,300,98,101.22060477733612
11,12,400,30,32.710033148527145
11,12,725,31,33.197687178850174
11,12,750,174,172.4235616326332
11,12,775,174,172.3356775045395
11,12,800,44,46.20922800898552
11,12,850,83,85.04190793633461
12,1,1700,27,27.773678436875343
12,1,1900,124,121.24474662542343
12,1,2400,40,38.37692815065384
12,1,300,207,204.14715522527695
12,1,400,110,113.55638691782951
12,1,725,91,94.0383805334568
12,1,750,109,111.45439729094505
12,1,775,171,169.73168617486954
12,1,800,53,56.2074981033802
12,1,850,96,98.4517727792263
12,2,1700,19,19.762255117297173
12,2,1900,91,89.89067047834396
12,2,2400,37,35.418434381484985
12,2,300,181,180.81101816892624
12,2,400,86,90.03283107280731
12,2,725,78,81.16228061914444
12,2,750,106,108.49684891104698
12,2,775,147,147.51809692382812
12,2,800,39,42.10250799357891
12,2,850,95,97.46627861261368
12,3,1700,36,36.65801581740379
12,3,1900,115,112.8875518143177
12,3,2400,39,37.37424550950527
12,3,300,216,212.11674970388412
12,3,400,167,167.60548716783524
12,3,725,120,122.04172831773758
12,3,750,115,117.21014034748077
12,3,775,161,160.5598902106285
12,3,800,48,51.0580832362175
12,3,850,127,128.3637873530388
12,4,1700,38,38.60342302918434
12,4,1900,140,136.45428043603897
12,4,2400,48,46.20170196890831
12,4,300,189,188.1476652622223
12,4,400,135,137.49135392904282
12,4,725,99,101.72737050056458
12,4,750,108,110.3641317486763
12,4,775,166,165.21591383218765
12,4,800,40,42.976015239953995
12,4,850,112,113.93004739284515
12,5,1700,28,28.60008305311203
12,5,1900,140,136.51966059207916
12,5,2400,39,37.37215545773506
12,5,300,245,237.23294353485107
12,5,400,171,171.2533180117607
12,5,725,109,111.446806371212
12,5,750,134,135.35940843820572
12,5,775,169,168.03613978624344
12,5,800,38,40.86993819475174
12,5,850,126,127.34057956933975
12,6,1700,39,39.51483389735222
12,6,1900,128,125.3221920132637
12,6,2400,27,25.534299187362194
12,6,300,211,207.7558358311653
12,6,400,160,161.09459125995636
12,6,725,108,110.38418883085251
12,6,750,127,128.68270793557167
12,6,775,166,165.24996638298035
12,6,800,44,46.83278174698353
12,6,850,110,111.98130351305008
12,7,1700,34,34.50166630744934
12,7,1900,129,126.29973378777504
12,7,2400,48,46.21714332699776
12,7,300,200,198.01395159959793
12,7,400,184,183.22646921873093
12,7,725,82,84.88431525230408
12,7,750,102,104.43324142694473
12,7,775,147,147.5438819527626
12,7,800,39,41.703901290893555
12,7,850,127,128.33359050750732
12,8,1700,33,33.455440148711205
12,8,1900,136,132.91679134964943
12,8,2400,38,36.38520613312721
12,8,300,206,203.44296997785568
12,8,400,169,169.39262509346008
12,8,725,99,101.5686748623848
12,8,750,134,135.31632834672928
12,8,775,190,187.20529752969742
12,8,800,44,46.67753863334656
12,8,850,112,113.83921587467194
12,9,1700,24,24.40507572889328
12,9,1900,117,114.99617770314217
12,9,2400,41,39.33623410761356
12,9,300,178,177.97744554281235
12,9,400,133,135.42549300193787
12,9,725,105,107.38435745239258
12,9,750,126,127.59225702285767
12,9,775,177,175.47412890195847
12,9,800,32,34.47229899466038
12,9,850,110,111.89273351430893
12,10,1700,28,28.368898302316666
12,10,1900,107,105.42568698525429
12,10,2400,29,27.462334871292114
12,10,300,178,177.94789749383926
12,10,400,135,137.26751911640167
12,10,725,96,98.48969957232475
12,10,750,109,111.18785312771797
12,10,775,149,149.36460900306702
12,10,800,46,48.54595686495304
12,10,850,106,107.9415532052517
12,11,1700,29,29.32734228670597
12,11,1900,116,114.09639883041382
12,11,2400,41,39.31661728024483
12,11,300,178,177.912695646286
12,11,400,114,116.89450082182884
12,11,725,93,95.52009284496307
12,11,750,107,109.14274442195892
12,11,775,118,119.7609952390194
12,11,800,42,44.40198202431202
12,11,850,134,134.91793018579483
12,12,1700,18,18.228079494088888
12,12,1900,108,106.393923163414
12,12,2400,39,37.313532054424286
12,12,300,183,182.4774243235588
12,12,400,111,113.93628510832787
12,12,725,90,92.46285223960876
12,12,750,142,142.78603434562683
12,12,775,184,181.84347593784332
12,12,800,40,42.320146799087524
12,12,850,132,132.9275706410408
13,1,1700,18,18.98858491703868
13,1,1900,92,91.08621716499329
13,1,2400,25,23.83093248307705
13,1,300,134,137.22749763727188
13,1,400,67,71.43221838772297
13,1,725,70,73.5390925258398
13,1,750,71,74.44688867032528
13,1,775,150,150.65288725495338
13,1,800,24,27.232582107186317
13,1,850,99,101.65674436092377
13,2,1700,16,16.928365044295788
13,2,1900,92,91.11498665809631
13,2,2400,14,12.944464534521103
13,2,300,126,129.49104356765747
13,2,400,70,74.34679326415062
13,2,725,63,66.49547439813614
13,2,750,85,88.19577288627625
13,2,775,123,125.0657320022583
13,2,800,19,22.07986532896757
13,2,850,118,119.99661961197853
13,3,1700,28,28.8613673299551
13,3,1900,97,95.97226697206497
13,3,2400,23,21.826206728816032
13,3,300,151,153.3092920780182
13,3,400,81,85.2243495285511
13,3,725,66,69.41981829702854
13,3,750,99,101.92506808042526
13,3,775,142,143.11679083108902
13,3,800,21,24.000643759965897
13,3,850,116,118.08884260058403
13,4,1700,31,31.80777958035469
13,4,1900,91,90.21042522788048
13,4,2400,27,25.746800914406776
13,4,300,134,137.14149501919746
13,4,400,83,87.11356168985367
13,4,725,67,70.37779885530472
13,4,750,88,91.09759891033173
13,4,775,128,129.8450177013874
13,4,800,17,19.845648646354675
13,4,850,96,98.61526024341583
13,5,1700,22,22.76441752910614
13,5,1900,117,115.15588361024857
13,5,2400,24,22.762410894036293
13,5,300,161,162.6040998697281
13,5,400,91,95.01019436120987
13,5,725,63,66.29721607267857
13,5,750,110,112.57825195789337
13,5,775,149,149.70478230714798
13,5,800,18,20.767514407634735
13,5,850,77,79.89836931228638
13,6,1700,26,26.72285509109497
13,6,1900,92,91.20262053608894
13,6,2400,21,19.769241265952587
13,6,300,172,172.8925303220749
13,6,400,76,80.02129772305489
13,6,725,61,64.2532149553299
13,6,750,124,126.04189276695251
13,6,775,137,138.36468043923378
13,6,800,17,19.64413706958294
13,6,850,85,87.72753641009331
13,7,1700,34,34.6685506850481
13,7,1900,117,115.23030057549477
13,7,2400,22,20.74350430071354
13,7,300,163,164.40384298563004
13,7,400,134,136.72332710027695
13,7,725,67,70.18045347929001
13,7,750,100,102.74034583568573
13,7,775,134,135.53265565633774
13,7,800,22,24.632729172706604
13,7,850,84,86.7060062289238
13,8,1700,33,33.61672170460224
13,8,1900,96,95.05203247070312
13,8,2400,30,28.645744428038597
13,8,300,166,167.20907247066498
13,8,400,70,73.86162783205509
13,8,725,45,47.98741254210472
13,8,750,106,108.55754846334457
13,8,775,124,125.91206857562065
13,8,800,8,10.26576080545783
13,8,850,96,98.465740442276
13,9,1700,16,16.51588799804449
13,9,1900,105,103.78592783212662
13,9,2400,28,26.64975657314062
13,9,300,180,180.11181938648224
13,9,400,79,82.73414784669876
13,9,725,55,58.00623095035553
13,9,750,90,92.79300627112389
13,9,775,146,146.88532564044
13,9,800,14,16.28473800420761
13,9,850,79,81.63892364501953
13,10,1700,21,21.478048592805862
13,10,1900,102,100.8693277835846
13,10,2400,33,31.57999174296856
13,10,300,168,168.97926753759384
13,10,400,80,83.71003982424736
13,10,725,58,60.94082120060921
13,10,750,78,80.84904164075851
13,10,775,142,143.0525599718094
13,10,800,15,17.199004735797644
13,10,850,77,79.6182282269001
13,11,1700,15,15.379384115338326
13,11,1900,86,85.39273077249527
13,11,2400,14,12.668303120881319
13,11,300,132,134.83264124393463
13,11,400,74,77.58867210149765
13,11,725,55,57.840236350893974
13,11,750,98,100.60118943452835
13,11,775,133,134.48392236232758
13,11,800,11,13.014562368392944
13,11,850,78,80.5348109304905
13,12,1700,28,28.40367379784584
13,12,1900,131,128.6325003504753
13,12,2400,20,18.622621949762106
13,12,300,116,119.30519711971283
13,12,400,65,68.45803764462471
13,12,725,57,59.74244298040867
13,12,750,125,126.78731366991997
13,12,775,145,145.87192395329475
13,12,800,22,24.142262145876884
13,12,850,92,94.37442934513092
14,1,1700,14,15.144486162811518
14,1,1900,80,79.73953464627266
14,1,2400,26,25.015134498476982
14,1,300,124,127.88126808404922
14,1,400,35,39.39265160262585
14,1,725,24,27.543045163154602
14,1,750,169,168.6801723241806
14,1,775,300,280.4980717897415
14,1,800,41,44.545713633298874
14,1,850,79,82.24844020605087
14,2,1700,15,16.077547140419483
14,2,1900,109,107.72076773643494
14,2,2400,18,17.08263148739934
14,2,300,81,85.75915253162384
14,2,400,29,33.18523491919041
14,2,725,12,15.246766623109579
14,2,750,159,159.43528479337692
14,2,775,224,217.79182881116867
14,2,800,42,45.45540055632591
14,2,850,71,74.31379732489586
14,3,1700,12,13.00423839315772
14,3,1900,84,83.60486990213394
14,3,2400,24,22.983316853642464
14,3,300,104,108.39223510026932
14,3,400,34,38.147726863622665
14,3,725,21,24.288537964224815
14,3,750,188,186.07318460941315
14,3,775,293,275.10649824142456
14,3,800,42,45.372173860669136
14,3,850,82,85.1574122607708
14,4,1700,12,12.937649853527546
14,4,1900,78,77.7743669450283
14,4,2400,14,13.048948585987091
14,4,300,90,94.49750605225563
14,4,400,39,43.10924097895622
14,4,725,17,20.1160207092762
14,4,750,164,164.12734442949295
14,4,775,290,272.91823720932007
14,4,800,37,40.249605268239975
14,4,850,89,91.99582993984222
14,5,1700,11,11.86918619275093
14,5,1900,107,105.86687791347504
14,5,2400,17,15.995067719370127
14,5,300,108,112.14111137390137
14,5,400,24,27.721640318632126
14,5,725,20,23.072440646588802
14,5,750,149,150.09072357416153
14,5,775,284,268.15653389692307
14,5,800,45,48.22923755645752
14,5,850,124,125.99468818306923
14,6,1700,17,17.835839107632637
14,6,1900,91,90.50150316953659
14,6,2400,16,14.973030086606741
14,6,300,121,124.80422991514206
14,6,400,44,47.98336219787598
14,6,725,25,28.04957453906536
14,6,750,102,104.9445116519928
14,6,775,252,241.91786640882492
14,6,800,37,40.07230770587921
14,6,850,99,101.75057888031006
14,7,1700,20,20.798967137932777
14,7,1900,98,97.28116768598557
14,7,2400,19,17.923914398998022
14,7,300,122,125.70691910386086
14,7,400,53,56.99619373679161
14,7,725,20,22.860576130449772
14,7,750,154,154.79473960399628
14,7,775,315,292.66180235147476
14,7,800,38,41.001458525657654
14,7,850,133,134.616554915905
14,8,1700,8,8.642634015530348
14,8,1900,99,98.24864384531975
14,8,2400,30,28.815678149461746
14,8,300,116,119.81664344668388
14,8,400,37,40.64519043266773
14,8,725,22,24.78792130947113
14,8,750,167,166.97448617219925
14,8,775,293,275.5485140681267
14,8,800,38,40.911771669983864
14,8,850,100,102.63638082146645
14,9,1700,14,14.624539442360401
14,9,1900,91,90.52139341831207
14,9,2400,20,18.86252374574542
14,9,300,119,122.63572937250137
14,9,400,34,37.47402115166187
14,9,725,31,33.850932627916336
14,9,750,165,165.13598209619522
14,9,775,281,266.00341910123825
14,9,800,36,38.79974886775017
14,9,850,111,113.34093084931374
14,10,1700,7,7.489975098520517
14,10,1900,81,80.7335929274559
14,10,2400,28,26.785222977399826
14,10,300,93,97.04016757011414
14,10,400,48,51.608007833361626
14,10,725,30,32.72599817812443
14,10,750,172,171.60192567110062
14,10,775,256,245.56432551145554
14,10,800,23,25.476433485746384
14,10,850,94,96.64684855937958
14,11,1700,17,17.51674358174205
14,11,1900,70,69.89920017123222
14,11,2400,18,16.79727917537093
14,11,300,100,103.87001186609268
14,11,400,25,28.034795880317688
14,11,725,21,23.442931286990643
14,11,750,203,199.77519327402115
14,11,775,242,233.7901880145073
14,11,800,28,30.463320180773735
14,11,850,99,101.51984828710556
14,12,1700,12,12.398014474660158
14,12,1900,76,75.78305274248123
14,12,2400,23,21.750515341758728
14,12,300,110,113.65493911504745
14,12,400,32,35.08901256322861
14,12,725,24,26.400171488523483
14,12,750,157,157.5554987192154
14,12,775,315,293.0045337677002
14,12,800,34,36.46916504204273
14,12,850,77,79.6712256371975
15,1,1700,2,3.255019284784794
15,1,1900,93,92.57789313793182
15,1,2400,22,21.247869476675987
15,1,300,99,103.8175056874752
15,1,400,45,49.660176903009415
15,1,725,21,24.643302239477634
15,1,750,193,190.8425993323326
15,1,775,209,204.93998461961746
15,1,800,86,89.5802398622036
15,1,850,81,84.49036598205566
15,2,1700,3,4.177976993843913
15,2,1900,77,77.04236222803593
15,2,2400,13,12.298036083579063
15,2,300,119,123.25149291753769
15,2,400,36,40.449619978666306
15,2,725,19,22.50540867447853
15,2,750,163,163.4144653081894
15,2,775,203,199.75402396917343
15,2,800,51,54.67239910364151
15,2,850,76,79.48946991562843
15,3,1700,1,2.0839918944984674
15,3,1900,92,91.66923502087593
15,3,2400,27,26.135193705558777
15,3,300,116,120.33176937699318
15,3,400,35,39.31273376941681
15,3,725,30,33.56422942876816
15,3,750,179,178.26521462202072
15,3,775,222,216.52552622556686
15,3,800,54,57.60589103400707
15,3,850,70,73.48145622015
15,4,1700,1,2.002650184556842
15,4,1900,95,94.55488747358322
15,4,2400,24,23.13711639493704
15,4,300,109,113.4676593542099
15,4,400,45,49.343425154685974
15,4,725,19,22.281863503158092
15,4,750,162,162.6058794260025
15,4,775,204,200.66982811689377
15,4,800,39,42.418300449848175
15,4,850,65,68.42675638198853
15,5,1700,1,1.92211889103055
15,5,1900,82,81.94922450184822
15,5,2400,22,21.129468739032745
15,5,300,114,118.23052123188972
15,5,400,30,33.972711741924286
15,5,725,35,38.44876383244991
15,5,750,170,169.940635740757
15,5,775,235,227.94536519050598
15,5,800,47,50.419380098581314
15,5,850,71,74.3454122543335
15,6,1700,3,3.8610552260652184
15,6,1900,100,99.43725767731667
15,6,2400,24,23.079746559262276
15,6,300,151,153.79840126633644
15,6,400,48,52.173865020275116
15,6,725,22,25.119919776916504
15,6,750,143,144.70858538150787
15,6,775,228,221.8463253378868
15,6,800,50,53.35969829559326
15,6,850,72,75.30501016974449
15,7,1700,15,15.892199866473675
15,7,1900,92,91.72251975536346
15,7,2400,26,25.05053561925888
15,7,300,148,150.88390517234802
15,7,400,51,55.11034604907036
15,7,725,30,33.15628468990326
15,7,750,147,148.5075672864914
15,7,775,223,217.6675008535385
15,7,800,44,47.21834300458431
15,7,850,77,80.19357174634933
15,8,1700,14,14.818024478852749
15,8,1900,108,107.16084703803062
15,8,2400,15,14.05037997663021
15,8,300,132,135.51098585128784
15,8,400,58,62.11779376864433
15,8,725,17,19.79136522859335
15,8,750,151,152.29394400119781
15,8,775,210,206.2157410979271
15,8,800,45,48.12801602482796
15,8,850,64,67.16666834056377
15,9,1700,13,13.741424214094877
15,9,1900,85,84.83758336305618
15,9,2400,25,23.987825393676758
15,9,300,122,125.82382297515869
15,9,400,44,47.798723965883255
15,9,725,17,19.67914891242981
15,9,750,152,153.2078759074211
15,9,775,219,214.14677852392197
15,9,800,41,43.999667912721634
15,9,850,78,81.04992759227753
15,10,1700,5,5.575548501685262
15,10,1900,91,90.76226377487183
15,10,2400,17,15.96969398111105
15,10,300,131,134.43915539979935
15,10,400,48,51.743397772312164
15,10,725,19,21.615998961031437
15,10,750,132,134.10730522871017
15,10,775,244,235.84457451105118
15,10,800,39,41.86283327639103
15,10,850,70,73.02550980448723
15,11,1700,5,5.497643675655127
15,11,1900,76,76.0189922451973
15,11,2400,15,13.92604622617364
15,11,300,115,118.86541500687599
15,11,400,33,36.326035887002945
15,11,725,26,28.668489381670952
15,11,750,156,156.8791561126709
15,11,775,215,210.70563572645187
15,11,800,32,34.6594258248806
15,11,850,75,77.95932957530022
15,12,1700,10,10.48652657866478
15,12,1900,89,88.73781460523605
15,12,2400,14,12.884229566901922
15,12,300,113,116.77540031075478
15,12,400,50,53.56639561057091
15,12,725,19,21.391040340065956
15,12,750,155,155.91910403966904
15,12,775,239,231.6096013188362
15,12,800,50,52.834154546260834
15,12,850,82,84.84708359837532
16,1,1700,11,12.444460198283195
16,1,1900,46,46.8110331594944
16,1,2400,14,13.496820960193872
16,1,300,85,90.15662145614624
16,1,400,23,27.46411442756653
16,1,725,20,23.776748701930046
16,1,750,63,67.07235185801983
16,1,775,125,127.76889652013779
16,1,800,53,56.9459490776062
16,1,850,81,84.7053864300251
16,2,1700,20,21.415645949542522
16,2,1900,69,69.47676873207092
16,2,2400,9,8.486084040254354
16,2,300,79,84.11090341210365
16,2,400,29,33.4584014415741
16,2,725,18,21.621367752552032
16,2,750,75,78.99755236506462
16,2,775,94,97.67463499307632
16,2,800,25,28.584868773818016
16,2,850,64,67.75975181162357
16,3,1700,11,12.290969993919134
16,3,1900,75,75.35320648550987
16,3,2400,20,19.38467637449503
16,3,300,96,100.91335326433182
16,3,400,57,61.73580089211464
16,3,725,26,29.653622075915337
16,3,750,88,91.80006948113441
16,3,775,119,121.97130608558655
16,3,800,26,29.500927805900574
16,3,850,72,75.68025556206703
16,4,1700,10,11.21048853546381
16,4,1900,66,66.47434216737747
16,4,2400,17,16.355813667178154
16,4,300,75,79.99487316608429
16,4,400,33,37.281333208084106
16,4,725,16,19.343667797744274
16,4,750,72,75.88625773787498
16,4,775,114,117.09882539510727
16,4,800,34,37.511744037270546
16,4,850,57,60.590489596128464
16,5,1700,16,17.181115329265594
16,5,1900,59,59.56389416754246
16,5,2400,11,10.33706470578909
16,5,300,98,102.79797750711441
16,5,400,30,34.09781362116337
16,5,725,19,22.2905295714736
16,5,750,78,81.757579267025
16,5,775,119,121.92623326182365
16,5,800,31,34.36781030893326
16,5,850,79,82.46969836950302
16,6,1700,13,14.084361854940653
16,6,1900,79,79.21317526698112
16,6,2400,11,10.291208691895008
16,6,300,101,105.64884519577026
16,6,400,42,46.21920557320118
16,6,725,15,18.07975533232093
16,6,750,74,77.72053073346615
16,6,775,113,116.07834255695343
16,6,800,29,32.238872453570366
16,6,850,65,68.47544856369495
16,7,1700,14,15.016405612230301
16,7,1900,81,81.21646440029144
16,7,2400,25,24.212313637137413
16,7,300,101,105.57507702708244
16,7,400,55,59.33615267276764
16,7,725,25,28.19051168859005
16,7,750,75,78.67396971583366
16,7,775,124,126.7117010653019
16,7,800,27,30.08579009771347
16,7,850,78,81.36948770284653
16,8,1700,9,9.890087902545929
16,8,1900,84,84.1099765598774
16,8,2400,23,22.19020013511181
16,8,300,127,130.9836649298668
16,8,400,40,43.97765517234802
16,8,725,14,16.823349211364985
16,8,750,88,91.52083671092987
16,8,775,127,129.60918015241623
16,8,800,19,21.81978364288807
16,8,850,67,70.34647588431835
16,9,1700,6,6.769495788961649
16,9,1900,70,70.35897448658943
16,9,2400,14,13.151335634291172
16,9,300,82,86.53184142708778
16,9,400,49,53.03109210729599
16,9,725,22,24.901720225811005
16,9,750,73,76.51600284874439
16,9,775,106,109.12958312034607
16,9,800,31,33.959235310554504
16,9,850,78,81.2388108074665
16,10,1700,6,6.687843583524227
16,10,1900,66,66.35458359122276
16,10,2400,10,9.102277413010597
16,10,300,98,102.40061742067337
16,10,400,50,53.92252004146576
16,10,725,19,21.71526251733303
16,10,750,67,70.42108748853207
16,10,775,146,147.70719331502914
16,10,800,43,46.08090531826019
16,10,850,95,98.04333680868149
16,11,1700,13,13.705947786569595
16,11,1900,56,56.40776306390762
16,11,2400,16,15.062189795076847
16,11,300,85,89.30038610100746
16,11,400,42,45.640038788318634
16,11,725,18,20.577025420963764
16,11,750,71,74.3383032977581
16,11,775,103,106.10869365930557
16,11,800,35,37.832740768790245
16,11,850,67,70.11316864192486
16,12,1700,8,8.555308315902948
16,12,1900,71,71.25255271792412
16,12,2400,13,12.007174793630838
16,12,300,99,103.19689470529556
16,12,400,45,48.58340169489384
16,12,725,27,29.67056493461132
16,12,750,78,81.24981254339218
16,12,775,134,136.17199832201004
16,12,800,38,40.78389850258827
16,12,850,106,108.75540360808372
17,1,1700,13,14.606684792786837
17,1,1900,65,65.75725050270557
17,1,2400,19,18.63518427312374
17,1,300,97,102.30426186323166
17,1,400,28,32.69139878451824
17,1,725,26,30.01360684633255
17,1,750,131,133.86264404654503
17,1,775,188,186.8853481411934
17,1,800,79,83.03366014361382
17,1,850,61,65.01887831091881
17,2,1700,18,19.559042766690254
17,2,1900,38,39.01262828707695
17,2,2400,14,13.62004017084837
17,2,300,59,64.25139832496643
17,2,400,19,23.358168333768845
17,2,725,23,26.84718768298626
17,2,750,114,117.47319954633713
17,2,775,173,173.19866961240768
17,2,800,44,47.97547468543053
17,2,850,40,43.83219034969807
17,3,1700,11,12.430755529552698
17,3,1900,70,70.66475693881512
17,3,2400,26,25.516376182436943
17,3,300,84,89.21379029750824
17,3,400,28,32.434915602207184
17,3,725,19,22.645646050572395
17,3,750,129,131.95526558160782
17,3,775,210,206.71257096529007
17,3,800,56,59.97411432862282
17,3,850,57,60.84067018330097
17,4,1700,18,19.41237535327673
17,4,1900,63,63.730905920267105
17,4,2400,16,15.523705434054136
17,4,300,97,102.09892702102661
17,4,400,28,32.3071768283844
17,4,725,22,25.589117862284184
17,4,750,150,151.95647710561752
17,4,775,186,185.21764439344406
17,4,800,69,72.95049038529396
17,4,850,53,56.75442433357239
17,5,1700,17,18.324481394141912
17,5,1900,60,60.74448609352112
17,5,2400,15,14.474932748824358
17,5,300,100,104.95285332202911
17,5,400,23,27.06258350610733
17,5,725,19,22.407725401222706
17,5,750,120,123.20628106594086
17,5,775,186,185.24756318330765
17,5,800,60,63.82133889198303
17,5,850,50,53.64841276407242
17,6,1700,17,18.249614905565977
17,6,1900,57,57.745720595121384
17,6,2400,15,14.428436048328876
17,6,300,108,112.73669734597206
17,6,400,23,26.930817559361458
17,6,725,12,15.11367991194129
17,6,750,110,113.50255534052849
17,6,775,186,185.2719208598137
17,6,800,55,58.73304529488087
17,6,850,53,56.58888852596283
17,7,1700,19,20.19719674438238
17,7,1900,71,71.583086758852
17,7,2400,13,12.387817941606045
17,7,300,105,109.7503702044487
17,7,400,23,26.79943162202835
17,7,725,19,22.170346960425377
17,7,750,104,107.58716198801994
17,7,775,197,195.2054781317711
17,7,800,67,70.71691554784775
17,7,850,57,60.52358940243721
17,8,1700,12,13.037834469228983
17,8,1900,65,65.63148128986359
17,8,2400,21,20.33238972723484
17,8,300,100,104.72193735837936
17,8,400,31,34.873139411211014
17,8,725,23,26.153920754790306
17,8,750,115,118.30339962244034
17,8,775,195,193.4427905678749
17,8,800,63,66.59492564201355
17,8,850,47,50.350260093808174
17,9,1700,8,8.906937513500452
17,9,1900,68,68.5737505108118
17,9,2400,19,18.29414899647236
17,9,300,111,115.50256341695786
17,9,400,24,27.55136366188526
17,9,725,16,18.855380032211542
17,9,750,94,97.59774333238602
17,9,775,186,185.30925446748734
17,9,800,60,63.489827021956444
17,9,850,33,36.01866851747036
17,10,1700,19,19.971074923872948
17,10,1900,68,68.54451295733452
17,10,2400,20,19.254040028899908
17,10,300,119,123.24030581116676
17,10,400,30,33.58547751605511
17,10,725,17,19.756548024713993
17,10,750,87,90.59923973679543
17,10,775,217,213.15159875154495
17,10,800,54,57.34077885746956
17,10,850,35,37.96472916007042
17,11,1700,17,17.86450896412134
17,11,1900,53,53.59316310286522
17,11,2400,15,14.181100897490978
17,11,300,87,91.52458119392395
17,11,400,26,29.357478886842728
17,11,725,15,17.576935682445765
17,11,750,126,128.7780717611313
17,11,775,168,168.6129384636879
17,11,800,69,72.41101604700089
17,11,850,43,46.01580321788788
17,12,1700,23,23.871227383613586
17,12,1900,74,74.4174008667469
17,12,2400,19,18.14655125513673
17,12,300,85,89.36831510066986
17,12,400,26,29.225133657455444
17,12,725,26,28.758825033903122
17,12,750,135,137.44478887319565
17,12,775,240,233.1594836115837
17,12,800,41,43.95840908586979
17,12,850,70,73.20492985844612
18,1,1700,20,21.802164182066917
18,1,1900,90,90.41387856006622
18,1,2400,18,17.8205657415092
18,1,300,147,150.9124151468277
18,1,400,69,74.3728007376194
18,1,725,74,78.50482845306396
18,1,750,80,84.4355055987835
18,1,775,157,158.67891776561737
18,1,800,34,38.10966567695141
18,1,850,101,104.77634358406067
18,2,1700,17,18.698795299977064
18,2,1900,80,80.727948397398
18,2,2400,23,22.750639870762825
18,2,300,132,136.51808494329453
18,2,400,83,88.25154158473015
18,2,725,49,53.372030064463615
18,2,750,78,82.33922538161278
18,2,775,144,146.47266322374344
18,2,800,29,32.934502854943275
18,2,850,81,85.07401409745216
18,3,1700,30,31.691779389977455
18,3,1900,102,102.07243758440018
18,3,2400,30,29.656031891703606
18,3,300,180,181.7122521996498
18,3,400,122,126.56824287772179
18,3,725,70,74.38722255825996
18,3,750,94,98.14401149749756
18,3,775,158,159.5661192536354
18,3,800,15,18.53719513863325
18,3,850,109,112.57263523340225
18,4,1700,22,23.58477906882763
18,4,1900,123,122.2844894528389
18,4,2400,33,32.603519290685654
18,4,300,180,181.7110658288002
18,4,400,160,162.86408191919327
18,4,725,73,77.31270648539066
18,4,750,86,90.20980423688889
18,4,775,142,144.5268574655056
18,4,800,30,33.71997767686844
18,4,850,92,95.86072957515717
18,5,1700,21,22.496348693966866
18,5,1900,98,98.28287249803543
18,5,2400,29,28.605115860700607
18,5,300,171,173.4026512503624
18,5,400,120,124.48254731297493
18,5,725,81,85.23399806022644
18,5,750,98,102.0096526145935
18,5,775,156,157.72989523410797
18,5,800,11,14.19796497374773
18,5,850,95,98.7329982817173
18,6,1700,20,21.424128964543343
18,6,1900,95,95.33857810497284
18,6,2400,25,24.5734940469265
18,6,300,168,170.55037474632263
18,6,400,167,169.376349568367
18,6,725,81,85.16540172696114
18,6,750,75,79.11553138494492
18,6,775,121,124.3720572590828
18,6,800,30,33.50121274590492
18,6,850,108,111.43450704216957
18,7,1700,22,23.361662566661835
18,7,1900,108,107.93917119503021
18,7,2400,35,34.50934064388275
18,7,300,158,161.1051573753357
18,7,400,151,154.25951024889946
18,7,725,77,81.07568481564522
18,7,750,109,112.72141355276108
18,7,775,154,155.8637153506279
18,7,800,40,43.603035405278206
18,7,850,104,107.52459019422531
18,8,1700,25,26.31717650592327
18,8,1900,92,92.44900506734848
18,8,2400,43,42.44924804568291
18,8,300,178,179.82590401172638
18,8,400,115,119.48635038733482
18,8,725,74,77.99497631192207
18,8,750,104,107.75320756435394
18,8,775,134,136.83605086803436
18,8,800,22,25.105868697166443
18,8,850,99,102.54646688699722
18,9,1700,22,23.20856975018978
18,9,1900,93,93.40591511130333
18,9,2400,28,27.44279219210148
18,9,300,145,148.74061501026154
18,9,400,124,128.1677766442299
18,9,725,61,64.84346225857735
18,9,750,86,89.88127219676971
18,9,775,130,132.92805260419846
18,9,800,20,22.94483394920826
18,9,850,96,99.49192342162132
18,10,1700,22,23.12968072295189
18,10,1900,88,88.48454296588898
18,10,2400,33,32.39019498229027
18,10,300,165,167.70486426353455
18,10,400,113,117.33115017414093
18,10,725,65,68.773019105196
18,10,750,80,83.81783273816109
18,10,775,144,146.3649259209633
18,10,800,21,23.83727678656578
18,10,850,108,111.24508625268936
18,11,1700,25,26.08809107542038
18,11,1900,75,75.6664315611124
18,11,2400,37,36.35028234124184
18,11,300,167,169.50953823328018
18,11,400,94,98.4656662940979
18,11,725,71,74.72319722175598
18,11,750,88,91.69406539201736
18,11,775,116,119.27004161477089
18,11,800,15,17.554308902472258
18,11,850,93,96.4290382862091
18,12,1700,24,24.988800309598446
18,12,1900,76,76.6088317334652
18,12,2400,25,24.29543374478817
18,12,300,165,167.5980167388916
18,12,400,121,125.06043040752411
18,12,725,72,75.661157771945
18,12,750,97,100.59146675467491
18,12,775,129,131.83396843075752
18,12,800,14,16.404285721480846
18,12,850,87,90.39300584793091
19,1,1700,14,15.907729275524616
19,1,1900,81,81.92736005783081
19,1,2400,19,18.983746748417616
19,1,300,106,111.54318046569824
19,1,400,53,58.396120607852936
19,1,725,28,32.31928615272045
19,1,750,89,93.50947231054306
19,1,775,152,154.2631898522377
19,1,800,61,65.51561549305916
19,1,850,89,93.21468695998192
19,2,1700,21,22.872317031025887
19,2,1900,67,68.16561576724052
19,2,2400,12,11.947850458323956
19,2,300,108,113.42099234461784
19,2,400,38,43.04040366411209
19,2,725,19,23.016896709799767
19,2,750,65,69.5621132850647
19,2,775,135,138.14279201626778
19,2,800,30,34.076903834939
19,2,850,99,103.0340096950531
19,3,1700,39,40.88343779742718
19,3,1900,71,72.07922148704529
19,3,2400,28,27.851946473121643
19,3,300,151,154.94604822993279
19,3,400,58,63.25254821777344
19,3,725,34,38.19551536440849
19,3,750,92,96.40599673986435
19,3,775,139,141.97835677862167
19,3,800,55,59.3185795545578
19,3,850,106,109.83951485157013
19,4,1700,17,18.681110959500074
19,4,1900,84,84.82427376508713
19,4,2400,18,17.839916098862886
19,4,300,99,104.45398437976837
19,4,400,52,57.06229220330715
19,4,725,26,29.928266927599907
19,4,750,74,78.41946536302567
19,4,775,124,127.53471803665161
19,4,800,40,44.04994501173496
19,4,850,71,75.1636281311512
19,5,1700,24,25.665193893015385
19,5,1900,82,82.88375106453896
19,5,2400,9,8.775049917399883
19,5,300,108,113.22549140453339
19,5,400,42,46.73745036125183
19,5,725,23,26.73915147036314
19,5,750,85,89.28981071710587
19,5,775,155,157.0814323425293
19,5,800,43,46.99336352944374
19,5,850,125,128.22674298286438
19,6,1700,22,23.574430763721466
19,6,1900,66,67.06658220291138
19,6,2400,15,14.722726691514254
19,6,300,120,124.9204386472702
19,6,400,75,80.10780084133148
19,6,725,24,27.627082854509354
19,6,750,71,75.26280131936073
19,6,775,126,129.3886820077896
19,6,800,46,49.93722230195999
19,6,850,77,81.0187297463417
19,7,1700,19,20.459579341113567
19,7,1900,88,88.74987295269966
19,7,2400,20,19.68941380083561
19,7,300,143,147.1259828209877
19,7,400,50,54.66904853284359
19,7,725,28,31.607899263501167
19,7,750,81,85.2170459330082
19,7,775,164,165.55721789598465
19,7,800,40,43.736701399087906
19,7,850,72,75.97024908661842
19,8,1700,40,41.60494591295719
19,8,1900,92,92.68157082796097
19,8,2400,19,18.628091536462307
19,8,300,106,111.05073460936546
19,8,400,52,56.601660549640656
19,8,725,24,27.381694093346596
19,8,750,80,84.15499377250671
19,8,775,161,162.70416283607483
19,8,800,32,35.4545491784811
19,8,850,118,121.35951873660088
19,9,1700,33,34.45372024178505
19,9,1900,73,73.9386075437069
19,9,2400,21,20.573343500494957
19,9,300,116,120.84268739819527
19,9,400,41,45.22796955704689
19,9,725,23,26.244506657123566
19,9,750,55,58.87006185948849
19,9,775,119,122.49145555496216
19,9,800,47,50.63573057949543
19,9,850,86,89.81984043121338
19,10,1700,18,19.19560431316495
19,10,1900,80,80.85322174429893
19,10,2400,21,20.51826762408018
19,10,300,117,121.73094549775124
19,10,400,49,53.298692882061005
19,10,725,29,32.27705876529217
19,10,750,80,83.9926185309887
19,10,775,127,130.26186949014664
19,10,800,46,49.525862112641335
19,10,850,77,80.717817902565
19,11,1700,16,17.072984114289284
19,11,1900,61,61.937599793076515
19,11,2400,17,16.444270126521587
19,11,300,110,114.76638323068619
19,11,400,49,53.173924669623375
19,11,725,34,37.273983269929886
19,11,750,83,86.87133812904358
19,11,775,143,145.56868571043015
19,11,800,56,59.567916706204414
19,11,850,86,89.6700611114502
19,12,1700,15,15.959167256951332
19,12,1900,69,69.87112581729889
19,12,2400,18,17.395126666873693
19,12,300,107,111.6683518588543
19,12,400,42,45.85051766037941
19,12,725,22,24.82977795600891
19,12,750,77,80.76879477500916
19,12,775,140,142.68543380498886
19,12,800,33,36.000358551740646
19,12,850,111,114.31824091076851
20,1,1700,12,14.033517058938742
20,1,1900,100,100.63856011629105
20,1,2400,18,18.162177983671427
20,1,300,111,116.67175042629242
20,1,400,43,48.41078010201454
20,1,725,39,43.63636501133442
20,1,750,171,172.35228669643402
20,1,775,173,174.0801060795784
20,1,800,41,45.51010800898075
20,1,850,84,88.46910160779953
20,2,1700,7,8.887464348226786
20,2,1900,66,67.3696304410696
20,2,2400,16,16.108141373842955
20,2,300,121,126.40352270007133
20,2,400,34,39.082990273833275
20,2,725,48,52.65231077373028
20,2,750,134,137.5412556529045
20,2,775,182,182.49051147699356
20,2,800,31,35.23932018876076
20,2,850,55,59.45086917281151
20,3,1700,10,11.831626664847136
20,3,1900,92,92.92438757419586
20,3,2400,23,23.048469930887222
20,3,300,139,143.75157338380814
20,3,400,45,50.17664213478565
20,3,725,64,68.72607403993607
20,3,750,102,106.41852182149887
20,3,775,207,205.0380455851555
20,3,800,28,32.06577353179455
20,3,850,80,84.4334479868412
20,4,1700,11,12.747128427028656
20,4,1900,77,78.19334122538567
20,4,2400,22,21.993498921394348
20,4,300,122,127.259118527174
20,4,400,53,58.21106065809727
20,4,725,32,36.182253301143646
20,4,750,109,113.29962104558945
20,4,775,188,187.96954280138016
20,4,800,38,42.14611639082432
20,4,850,77,81.34210848808289
20,5,1700,10,11.643323890864849
20,5,1900,81,82.14004483819008
20,5,2400,23,22.948522821068764
20,5,300,145,149.42247238755226
20,5,400,37,41.75867825746536
20,5,725,49,53.3864843249321
20,5,750,118,122.0040332376957
20,5,775,180,180.62661164999008
20,5,800,34,37.954695984721184
20,5,850,91,95.24693095684052
20,6,1700,19,20.674217462539673
20,6,1900,73,74.22452291846275
20,6,2400,24,23.885227486491203
20,6,300,168,171.09736585617065
20,6,400,53,57.97864782810211
20,6,725,44,48.18680626153946
20,6,750,82,86.46079820394516
20,6,775,182,182.59873074293137
20,6,800,32,35.80533957481384
20,6,850,66,70.16068372130394
20,7,1700,20,21.607979372143745
20,7,1900,78,79.11477136611938
20,7,2400,23,22.844293653964996
20,7,300,169,172.06512933969498
20,7,400,50,54.80213987827301
20,7,725,41,45.019942209124565
20,7,750,105,109.2043152153492
20,7,775,188,188.0396869778633
20,7,800,28,31.59076176583767
20,7,850,73,77.13519111275673
20,8,1700,13,14.408711474388838
20,8,1900,96,96.77662640810013
20,8,2400,12,11.729092478752136
20,8,300,172,174.87434428930283
20,8,400,43,47.5352198779583
20,8,725,39,42.85175679624081
20,8,750,100,104.2014542222023
20,8,775,203,201.6856581568718
20,8,800,25,28.39538310468197
20,8,850,75,79.07404547929764
20,9,1700,17,18.378076624125242
20,9,1900,94,94.83362901210785
20,9,2400,30,29.742507204413414
20,9,300,174,176.68211394548416
20,9,400,53,57.61929331719875
20,9,725,43,46.847180396318436
20,9,750,103,107.1369064450264
20,9,775,166,167.67108976840973
20,9,800,27,30.317521691322327
20,9,850,72,75.98051397502422
20,10,1700,17,18.28645496442914
20,10,1900,97,97.79178911447525
20,10,2400,30,29.69077494740486
20,10,300,158,161.48640877008438
20,10,400,43,47.274978309869766
20,10,725,53,56.91068235039711
20,10,750,111,114.92346614599228
20,10,775,168,169.50088143348694
20,10,800,24,27.113171100616455
20,10,850,74,77.87832269072533
20,11,1700,12,13.100050583481789
20,11,1900,83,83.95580396056175
20,11,2400,15,14.551121160387993
20,11,300,129,133.5941812992096
20,11,400,47,51.23102459311485
20,11,725,47,50.68686965107918
20,11,750,105,108.94736397266388
20,11,775,171,172.3160097002983
20,11,800,29,32.13609844446182
20,11,850,50,53.510812282562256
20,12,1700,10,10.969568360596895
20,12,1900,99,99.68332767486572
20,12,2400,25,24.561134472489357
20,12,300,157,160.49823600053787
20,12,400,48,52.11123298108578
20,12,725,48,51.578469052910805
20,12,750,95,98.93487596511841
20,12,775,174,175.120312333107
20,12,800,39,42.25096654891968
20,12,850,82,85.74115306138992
21,1,1700,14,16.198176957666874
21,1,1900,67,68.6143790781498
21,1,2400,18,18.3289604075253
21,1,300,82,88.15215522050858
21,1,400,30,35.24650792777538
21,1,725,27,31.56242325901985
21,1,750,171,172.64215046167374
21,1,775,245,238.31339371204376
21,1,800,63,67.84895206987858
21,1,850,60,64.70857745409012
21,2,1700,24,26.19859503209591
21,2,1900,53,54.698276817798615
21,2,2400,10,10.265483908355236
21,2,300,90,96.02233552932739
21,2,400,28,33.061829179525375
21,2,725,29,33.491105422377586
21,2,750,128,132.02507609128952
21,2,775,198,197.27856850624084
21,2,800,53,57.703799068927765
21,2,850,52,56.588119238615036
21,3,1700,34,36.20103132724762
21,3,1900,68,69.54583312571049
21,3,2400,18,18.21139731258154
21,3,300,102,107.8514075577259
21,3,400,25,29.837671756744385
21,3,725,16,20.046680577099323
21,3,750,130,133.9089125096798
21,3,775,213,210.76658552885056
21,3,800,62,66.6880140453577
21,3,850,43,47.379610657691956
21,4,1700,34,36.12870441377163
21,4,1900,52,53.63184528052807
21,4,2400,19,19.150214042514563
21,4,300,102,107.77640667557716
21,4,400,32,36.892185032367706
21,4,725,19,22.989204682409763
21,4,750,132,135.78956055641174
21,4,775,227,223.1119605898857
21,4,800,76,80.66837960481644
21,4,850,31,35.03820252418518
21,5,1700,17,18.863359071314335
21,5,1900,63,64.51915666460991
21,5,2400,19,19.091221056878567
21,5,300,118,123.48171374201775
21,5,400,31,35.72003673017025
21,5,725,22,25.93511874973774
21,5,750,153,155.84688371419907
21,5,775,256,248.03472036123276
21,5,800,79,83.55613601207733
21,5,850,40,44.11857841908932
21,6,1700,18,19.792382448911667
21,6,1900,49,50.539435267448425
21,6,2400,25,25.047421395778656
21,6,300,96,101.65570628643036
21,6,400,35,39.69750256836414
21,6,725,19,22.72020899504423
21,6,750,125,128.9830173254013
21,6,775,207,205.49631839990616
21,6,800,47,51.22347538173199
21,6,850,45,49.07313187420368
21,7,1700,24,25.778142422437668
21,7,1900,64,65.46621426939964
21,7,2400,18,17.968624591827393
21,7,300,117,122.37528389692307
21,7,400,36,40.594917967915535
21,7,725,23,26.705592468380928
21,7,750,111,115.30903667211533
21,7,775,222,218.8745219707489
21,7,800,75,79.44545370340347
21,7,850,51,55.06619080901146
21,8,1700,22,23.66812625527382
21,8,1900,61,62.43565773963928
21,8,2400,14,13.874112378805876
21,8,300,107,112.41451424360275
21,8,400,34,38.388004034757614
21,8,725,23,26.573970183730125
21,8,750,129,132.80497589707375
21,8,775,229,225.03501212596893
21,8,800,47,51.00921031832695
21,8,850,40,43.78783583641052
21,9,1700,23,24.600428372621536
21,9,1900,64,65.38301537930965
21,9,2400,15,14.809904094785452
21,9,300,92,97.42977917194366
21,9,400,43,47.51951436698437
21,9,725,20,23.352296724915504
21,9,750,125,128.85369363427162
21,9,775,211,209.104238986969
21,9,800,66,70.16768145561218
21,9,850,41,44.683133378624916
21,10,1700,16,17.38059014827013
21,10,1900,43,44.28067560493946
21,10,2400,19,18.777917198836803
21,10,300,74,79.16028907895088
21,10,400,27,30.8787399828434
21,10,725,25,28.360528826713562
21,10,750,101,105.23617351055145
21,10,775,255,247.42752093076706
21,10,800,69,73.1387155354023
21,10,850,41,44.56846322119236
21,11,1700,13,14.22420995309949
21,11,1900,46,47.23465096950531
21,11,2400,14,13.66364161670208
21,11,300,78,83.07622119784355
21,11,400,33,36.9277483522892
21,11,725,21,24.098197273910046
21,11,750,123,126.81859493255615
21,11,775,245,238.92574644088745
21,11,800,62,65.93218459188938
21,11,850,47,50.58043920993805
21,12,1700,23,24.322870887815952
21,12,1900,74,75.19132247567177
21,12,2400,12,11.566381253302097
21,12,300,83,88.01931875944138
21,12,400,26,29.563323497772217
21,12,725,26,29.130265697836876
21,12,750,141,144.19281992316246
21,12,775,212,210.07476449012756
21,12,800,66,69.86678814888
21,12,850,50,53.526661455631256
