area,year,month,agg_id,total_crimes,rf_prediction
1,2019,1,1700,11,6.792756520987551
1,2019,1,1900,90,101.40121361914565
1,2019,1,2400,28,27.518319407212793
1,2019,1,300,216,209.37731404896186
1,2019,1,400,73,62.62327801738141
1,2019,1,725,57,60.24759240639701
1,2019,1,750,127,133.14130715810845
1,2019,1,775,293,230.66444337389382
1,2019,1,800,31,35.81784053767089
1,2019,1,850,72,55.86972833305625
1,2019,2,1700,4,6.781463558281015
1,2019,2,1900,80,101.24389197979656
1,2019,2,2400,22,24.151756582734002
1,2019,2,300,198,209.4234966612996
1,2019,2,400,50,62.791818313021864
1,2019,2,725,57,52.30189583796211
1,2019,2,750,114,133.10253173948647
1,2019,2,775,298,226.11673714008094
1,2019,2,800,26,23.39745425100837
1,2019,2,850,34,56.42253173963588
1,2019,3,1700,3,8.60027475665602
1,2019,3,1900,108,101.03922837319435
1,2019,3,2400,28,26.525526267246825
1,2019,3,300,204,213.60814262025906
1,2019,3,400,61,68.00391861324809
1,2019,3,725,62,54.58825500323885
1,2019,3,750,114,138.802727738067
1,2019,3,775,286,248.31431867211307
1,2019,3,800,21,22.963134204693176
1,2019,3,850,76,64.4662959475156
1,2019,4,1700,9,9.853502860449547
1,2019,4,1900,111,99.08299191833117
1,2019,4,2400,37,30.706500289335537
1,2019,4,300,190,213.7594878092051
1,2019,4,400,82,67.72843359147873
1,2019,4,725,49,54.15829698333737
1,2019,4,750,134,141.0007602581109
1,2019,4,775,287,250.2056752871371
1,2019,4,800,22,24.850249497705054
1,2019,4,850,73,65.78005757331277
1,2019,5,1700,13,10.81721462137453
1,2019,5,1900,118,99.54386470497131
1,2019,5,2400,42,32.92012977150298
1,2019,5,300,231,214.58880410859413
1,2019,5,400,85,70.61032716909122
1,2019,5,725,66,53.8192879280117
1,2019,5,750,147,150.98170052588475
1,2019,5,775,276,258.09361767742206
1,2019,5,800,20,25.441286881311097
1,2019,5,850,64,66.30236604925615
1,2019,6,1700,8,11.567608649353375
1,2019,6,1900,109,97.58495286051821
1,2019,6,2400,33,30.713139496176677
1,2019,6,300,263,224.76379658455608
1,2019,6,400,75,84.19976207451958
1,2019,6,725,65,56.426009010136646
1,2019,6,750,160,154.80107880362328
1,2019,6,775,302,270.39137840708906
1,2019,6,800,14,24.626700456546985
1,2019,6,850,75,63.81183693049603
1,2019,7,1700,11,10.958096087781051
1,2019,7,1900,123,98.17492271833943
1,2019,7,2400,30,27.599121700414113
1,2019,7,300,206,221.78583043235741
1,2019,7,400,83,90.300110058672
1,2019,7,725,61,69.16395519905218
1,2019,7,750,144,151.5130870983859
1,2019,7,775,343,273.6593991107318
1,2019,7,800,22,24.392258721055153
1,2019,7,850,42,70.7984284936628
1,2019,8,1700,8,11.079883874875787
1,2019,8,1900,103,101.33044382620301
1,2019,8,2400,33,27.07292932956718
1,2019,8,300,257,225.94975702810936
1,2019,8,400,83,91.67932221252069
1,2019,8,725,69,69.04464098995612
1,2019,8,750,149,149.51262064836365
1,2019,8,775,301,272.04308500390897
1,2019,8,800,24,24.391226853383532
1,2019,8,850,91,69.2542483439494
1,2019,9,1700,18,10.343845918785334
1,2019,9,1900,109,97.72127697886972
1,2019,9,2400,17,27.741684213467458
1,2019,9,300,234,227.4739801618237
1,2019,9,400,81,91.01581301484352
1,2019,9,725,60,61.501958343517416
1,2019,9,750,139,147.5156808682252
1,2019,9,775,245,272.2086911622453
1,2019,9,800,16,21.8804172328001
1,2019,9,850,74,68.57449096855386
1,2019,10,1700,2,9.737781971364365
1,2019,10,1900,103,106.92248314421172
1,2019,10,2400,22,28.80926326279126
1,2019,10,300,227,227.11804264215436
1,2019,10,400,87,89.90737165066723
1,2019,10,725,60,63.61473215051585
1,2019,10,750,137,151.60695739072145
1,2019,10,775,289,283.3132680055541
1,2019,10,800,19,21.88179744476189
1,2019,10,850,75,71.48898937028983
1,2019,11,1700,3,8.796064084452613
1,2019,11,1900,81,108.34355695611748
1,2019,11,2400,24,27.67468464658908
1,2019,11,300,196,223.77942144913106
1,2019,11,400,73,85.41583236514565
1,2019,11,725,57,64.90740687243117
1,2019,11,750,164,155.3147554533661
1,2019,11,775,300,284.96118305496327
1,2019,11,800,19,21.678192408321635
1,2019,11,850,63,71.00112038831746
1,2019,12,1700,11,9.10459145129986
1,2019,12,1900,103,108.29113229408055
1,2019,12,2400,31,24.661138369674426
1,2019,12,300,208,223.62684710580547
1,2019,12,400,90,82.43449078295586
1,2019,12,725,74,69.79889240777781
1,2019,12,750,192,157.82107653908957
1,2019,12,775,269,285.22721589276506
1,2019,12,800,24,24.06830397508911
1,2019,12,850,81,71.49490524882283
2,2019,1,1700,17,15.636278917337076
2,2019,1,1900,63,78.88449486252387
2,2019,1,2400,20,19.4986008427042
2,2019,1,300,139,130.2121209521048
2,2019,1,400,64,59.87534973253879
2,2019,1,725,55,60.25543976157871
2,2019,1,750,111,108.9361853592466
2,2019,1,775,127,129.91863248266722
2,2019,1,800,27,42.29955345019965
2,2019,1,850,66,62.02775365303633
2,2019,2,1700,9,16.383979517460933
2,2019,2,1900,77,76.86712254119358
2,2019,2,2400,17,19.59686570552288
2,2019,2,300,112,127.5758707083019
2,2019,2,400,60,47.730920923449354
2,2019,2,725,56,50.35355228299502
2,2019,2,750,112,107.55701196129289
2,2019,2,775,130,122.96790337589421
2,2019,2,800,21,22.115020578954372
2,2019,2,850,65,61.40938146921582
2,2019,3,1700,21,16.702459163525386
2,2019,3,1900,85,77.10676412978505
2,2019,3,2400,16,20.914236523539913
2,2019,3,300,139,127.64368037724248
2,2019,3,400,68,54.766941027320705
2,2019,3,725,61,55.390903156856275
2,2019,3,750,95,98.12211425115302
2,2019,3,775,137,130.66413255209096
2,2019,3,800,23,21.826412053512236
2,2019,3,850,66,65.30277248031683
2,2019,4,1700,17,17.385184560548055
2,2019,4,1900,67,78.44361804054844
2,2019,4,2400,14,25.200742388706853
2,2019,4,300,107,144.1638417108533
2,2019,4,400,59,55.02271239500642
2,2019,4,725,50,54.09147778416759
2,2019,4,750,95,93.90110148930827
2,2019,4,775,131,128.95758056282483
2,2019,4,800,25,22.352628771934125
2,2019,4,850,68,66.69452341920028
2,2019,5,1700,24,16.392667012578165
2,2019,5,1900,77,80.33506270699314
2,2019,5,2400,15,26.225496502839032
2,2019,5,300,142,147.3257836745318
2,2019,5,400,57,55.45233491453205
2,2019,5,725,44,55.01851239767229
2,2019,5,750,91,93.99171074094339
2,2019,5,775,143,148.741508342821
2,2019,5,800,27,23.887322127104067
2,2019,5,850,62,66.84105240179552
2,2019,6,1700,24,18.361702971234493
2,2019,6,1900,100,81.57543977741867
2,2019,6,2400,28,25.57216305952171
2,2019,6,300,151,148.69478565173264
2,2019,6,400,63,62.94690175199064
2,2019,6,725,42,55.406735891105846
2,2019,6,750,87,94.0101496884615
2,2019,6,775,136,148.20797340710502
2,2019,6,800,14,24.387741204825232
2,2019,6,850,52,65.90911497854147
2,2019,7,1700,23,19.475648177586756
2,2019,7,1900,81,82.17039735529225
2,2019,7,2400,29,24.504921465179933
2,2019,7,300,156,149.3380630677889
2,2019,7,400,80,68.5310007514773
2,2019,7,725,53,59.89595276529847
2,2019,7,750,87,99.57334469814296
2,2019,7,775,131,146.30773172184712
2,2019,7,800,29,23.80879243266159
2,2019,7,850,56,68.38802751427957
2,2019,8,1700,18,19.68340594515873
2,2019,8,1900,83,77.59192430856406
2,2019,8,2400,27,25.827046737319495
2,2019,8,300,159,140.32377551695035
2,2019,8,400,79,66.19547459660541
2,2019,8,725,58,60.42825554150276
2,2019,8,750,99,101.84974476250738
2,2019,8,775,152,143.98208756106564
2,2019,8,800,18,24.24918684797521
2,2019,8,850,65,67.91346938229003
2,2019,9,1700,17,18.97575607543295
2,2019,9,1900,79,74.62612869091062
2,2019,9,2400,17,21.547819335151836
2,2019,9,300,146,139.0529344630721
2,2019,9,400,71,65.1869121619121
2,2019,9,725,66,52.12550463582367
2,2019,9,750,87,94.28496856760187
2,2019,9,775,126,142.2368956232244
2,2019,9,800,27,21.15516424878298
2,2019,9,850,60,67.5225270033024
2,2019,10,1700,17,15.936929101832163
2,2019,10,1900,73,74.66008134449169
2,2019,10,2400,21,19.95037928791375
2,2019,10,300,127,138.80516930864295
2,2019,10,400,67,65.3508091516572
2,2019,10,725,61,50.57824931530504
2,2019,10,750,106,99.85423147127504
2,2019,10,775,141,138.85759232166745
2,2019,10,800,22,20.37719115683575
2,2019,10,850,60,76.64873646965722
2,2019,11,1700,12,16.95649997402825
2,2019,11,1900,79,78.05265004546104
2,2019,11,2400,19,19.52794591592464
2,2019,11,300,116,111.95369596597392
2,2019,11,400,57,61.2173886366131
2,2019,11,725,54,50.422686083287864
2,2019,11,750,96,106.94009455511883
2,2019,11,775,131,138.94379111808433
2,2019,11,800,18,19.889360449578525
2,2019,11,850,57,78.22116902423839
2,2019,12,1700,14,18.40557334575913
2,2019,12,1900,76,77.3593187208293
2,2019,12,2400,20,19.68277992144523
2,2019,12,300,122,111.31207590351379
2,2019,12,400,77,57.647978381338596
2,2019,12,725,52,47.6260196289679
2,2019,12,750,97,115.77102735713407
2,2019,12,775,146,139.18720599615182
2,2019,12,800,20,22.111681400332433
2,2019,12,850,71,78.37658348502438
3,2019,1,1700,24,27.504349544131422
3,2019,1,1900,109,105.84970122619553
3,2019,1,2400,42,41.433563958927444
3,2019,1,300,186,155.77314169854554
3,2019,1,400,75,79.5171334110753
3,2019,1,725,67,69.23459987179706
3,2019,1,750,151,141.52854602392125
3,2019,1,775,245,229.65643502969817
3,2019,1,800,59,51.54722360150471
3,2019,1,850,137,112.81529680455381
3,2019,2,1700,20,26.774458058545306
3,2019,2,1900,102,104.87025077178538
3,2019,2,2400,41,41.26071917671271
3,2019,2,300,136,152.66628381192206
3,2019,2,400,77,79.68097272350103
3,2019,2,725,56,65.95397865163616
3,2019,2,750,110,136.4246969127622
3,2019,2,775,231,233.65501297003698
3,2019,2,800,56,46.61377406026032
3,2019,2,850,107,112.82833285006161
3,2019,3,1700,29,27.11346391895666
3,2019,3,1900,143,107.95625290015424
3,2019,3,2400,37,41.35715727609909
3,2019,3,300,211,158.0483571490437
3,2019,3,400,81,87.76323046008015
3,2019,3,725,50,65.99451558882092
3,2019,3,750,116,141.25706904236756
3,2019,3,775,229,246.02775823918776
3,2019,3,800,35,47.64426423663093
3,2019,3,850,101,105.4158567409375
3,2019,4,1700,26,23.847408836302222
3,2019,4,1900,115,108.79387886092233
3,2019,4,2400,38,38.0972771529314
3,2019,4,300,166,161.6654895536761
3,2019,4,400,88,91.37535593557391
3,2019,4,725,70,68.5212977159261
3,2019,4,750,111,139.84424257083774
3,2019,4,775,196,249.99182312481963
3,2019,4,800,28,45.868045588567306
3,2019,4,850,117,104.90172404780643
3,2019,5,1700,19,22.735263330578327
3,2019,5,1900,106,108.74028070595092
3,2019,5,2400,31,36.64664076424976
3,2019,5,300,207,172.9989745348591
3,2019,5,400,101,97.91086087370411
3,2019,5,725,69,72.8854171706353
3,2019,5,750,109,139.46423414809928
3,2019,5,775,225,248.64132585239193
3,2019,5,800,47,46.10982683281224
3,2019,5,850,95,98.09050161231093
3,2019,6,1700,30,22.3547944800368
3,2019,6,1900,94,110.15216818871903
3,2019,6,2400,20,35.64676024029816
3,2019,6,300,195,182.15910890028417
3,2019,6,400,92,99.25610430973913
3,2019,6,725,55,73.34380794816978
3,2019,6,750,105,136.2718472748159
3,2019,6,775,196,240.88965119847484
3,2019,6,800,40,45.43245722551527
3,2019,6,850,69,100.08938059487335
3,2019,7,1700,24,30.21187019633519
3,2019,7,1900,110,113.78682882963977
3,2019,7,2400,24,37.989102347422204
3,2019,7,300,169,183.31795261595337
3,2019,7,400,76,103.80965948877896
3,2019,7,725,53,75.93869930554095
3,2019,7,750,122,141.76940025360855
3,2019,7,775,228,241.46115733847853
3,2019,7,800,38,43.312594389694574
3,2019,7,850,97,110.83790044844159
3,2019,8,1700,22,30.78240326599991
3,2019,8,1900,104,119.28861193703696
3,2019,8,2400,34,38.23471688366679
3,2019,8,300,175,188.9885245334157
3,2019,8,400,92,100.33347720908294
3,2019,8,725,41,71.87909266435109
3,2019,8,750,112,146.20960726134385
3,2019,8,775,229,250.13040252991766
3,2019,8,800,40,44.452693336699824
3,2019,8,850,105,120.39647256650488
3,2019,9,1700,19,29.812739443737005
3,2019,9,1900,113,119.9338071131287
3,2019,9,2400,40,34.66074351962876
3,2019,9,300,192,184.3900633180318
3,2019,9,400,90,95.54647390245135
3,2019,9,725,57,71.7655782020887
3,2019,9,750,97,140.23581983743512
3,2019,9,775,269,252.52659398580212
3,2019,9,800,39,41.9428574596587
3,2019,9,850,116,131.87087450633484
3,2019,10,1700,18,29.633502332795544
3,2019,10,1900,105,119.64276075596757
3,2019,10,2400,18,31.67432123013703
3,2019,10,300,201,183.62296166930668
3,2019,10,400,81,94.62717343238353
3,2019,10,725,75,76.44452403636565
3,2019,10,750,135,152.92817779659416
3,2019,10,775,211,256.9457497163873
3,2019,10,800,35,43.6654097727199
3,2019,10,850,144,144.67453950794027
3,2019,11,1700,20,27.532417985891346
3,2019,11,1900,93,117.36963125727267
3,2019,11,2400,30,32.25148583092845
3,2019,11,300,168,173.03550877860258
3,2019,11,400,79,94.07565933438312
3,2019,11,725,54,76.54652469755455
3,2019,11,750,125,155.13491984590485
3,2019,11,775,215,261.97985915388955
3,2019,11,800,31,41.57973266935296
3,2019,11,850,121,133.27254509835302
3,2019,12,1700,26,27.036837021651262
3,2019,12,1900,91,120.50382559312283
3,2019,12,2400,26,31.284080034726195
3,2019,12,300,161,171.64502913020706
3,2019,12,400,69,98.0964663455375
3,2019,12,725,64,79.06611690753441
3,2019,12,750,128,154.9470024575432
3,2019,12,775,251,248.522660678638
3,2019,12,800,37,41.83623017770831
3,2019,12,850,121,121.96444971440938
4,2019,1,1700,20,28.883385896996565
4,2019,1,1900,83,80.14346328854666
4,2019,1,2400,16,20.064150205386056
4,2019,1,300,102,116.32866992398512
4,2019,1,400,47,46.71239783372261
4,2019,1,725,31,28.363229919126542
4,2019,1,750,86,87.55702404757324
4,2019,1,775,140,120.49453578193496
4,2019,1,800,29,40.664754671822635
4,2019,1,850,94,102.12296545523523
4,2019,2,1700,17,26.726393179906925
4,2019,2,1900,93,79.41643186696767
4,2019,2,2400,14,20.759963876845937
4,2019,2,300,100,117.8996917385852
4,2019,2,400,41,45.94280916385121
4,2019,2,725,23,26.111038547104794
4,2019,2,750,84,85.75015423008139
4,2019,2,775,110,103.60268501094436
4,2019,2,800,30,26.63853827020225
4,2019,2,850,89,95.34744370241138
4,2019,3,1700,30,27.20006618164936
4,2019,3,1900,113,77.03903308104711
4,2019,3,2400,21,20.84227840160797
4,2019,3,300,127,121.40177130504286
4,2019,3,400,59,64.00647545776785
4,2019,3,725,32,25.96219990295114
4,2019,3,750,76,86.57134690535325
4,2019,3,775,124,103.2430095774805
4,2019,3,800,22,27.10792024645013
4,2019,3,850,97,90.66352921146941
4,2019,4,1700,39,25.028544079028727
4,2019,4,1900,113,78.07365068028494
4,2019,4,2400,17,24.037069685534927
4,2019,4,300,121,125.35122304249929
4,2019,4,400,54,60.95150867053126
4,2019,4,725,21,29.150646899919973
4,2019,4,750,80,83.01415034286597
4,2019,4,775,104,117.87290216215894
4,2019,4,800,17,25.049866158791843
4,2019,4,850,99,90.25041691689509
4,2019,5,1700,27,24.224565034379214
4,2019,5,1900,86,79.52885567095026
4,2019,5,2400,26,19.57696855738047
4,2019,5,300,117,132.32463807209336
4,2019,5,400,50,63.019748690548326
4,2019,5,725,29,29.921780116610506
4,2019,5,750,85,83.11499031842322
4,2019,5,775,122,121.16854256107074
4,2019,5,800,28,25.03195394176815
4,2019,5,850,68,90.29280696865506
4,2019,6,1700,30,24.02627542684084
4,2019,6,1900,100,83.86622928468648
4,2019,6,2400,17,19.42071502661156
4,2019,6,300,107,130.25555038511405
4,2019,6,400,61,61.37166640575352
4,2019,6,725,20,29.8562382062382
4,2019,6,750,92,82.79232635670436
4,2019,6,775,96,119.19513374796088
4,2019,6,800,22,24.826239788154158
4,2019,6,850,62,82.63035504703521
4,2019,7,1700,34,30.86750104905807
4,2019,7,1900,95,91.02100400497014
4,2019,7,2400,17,18.74279709251433
4,2019,7,300,130,135.13807380317877
4,2019,7,400,64,62.74267358471716
4,2019,7,725,29,32.621960445466115
4,2019,7,750,59,82.49407846087979
4,2019,7,775,99,119.14274071228841
4,2019,7,800,22,23.677497899993842
4,2019,7,850,60,81.96417276106297
4,2019,8,1700,29,31.250354071551637
4,2019,8,1900,74,84.03526226660317
4,2019,8,2400,13,16.935297881380244
4,2019,8,300,118,141.88892091573854
4,2019,8,400,62,60.65131477898032
4,2019,8,725,16,32.882195872098926
4,2019,8,750,58,80.87081777942039
4,2019,8,775,100,121.06308662318347
4,2019,8,800,19,24.57222232383781
4,2019,8,850,74,79.56215175209522
4,2019,9,1700,26,30.13197512237025
4,2019,9,1900,68,84.41146966777025
4,2019,9,2400,23,17.17071089175288
4,2019,9,300,110,138.6763106291782
4,2019,9,400,54,50.07114322433392
4,2019,9,725,25,29.604015333377212
4,2019,9,750,72,78.91028955786629
4,2019,9,775,105,116.25151679081398
4,2019,9,800,30,20.49055735743939
4,2019,9,850,62,79.97855120706491
4,2019,10,1700,44,30.26525676922216
4,2019,10,1900,75,85.96931279992685
4,2019,10,2400,18,21.106774392961807
4,2019,10,300,120,128.15145451987144
4,2019,10,400,44,49.70134001103314
4,2019,10,725,28,34.2776590668352
4,2019,10,750,69,84.6403694163791
4,2019,10,775,95,116.39963524179997
4,2019,10,800,15,20.118683657334657
4,2019,10,850,66,85.22121731033276
4,2019,11,1700,25,27.324244052058425
4,2019,11,1900,56,80.9368575988125
4,2019,11,2400,17,16.753304435049177
4,2019,11,300,111,108.36379011552681
4,2019,11,400,51,51.788478575514176
4,2019,11,725,32,26.43814007448903
4,2019,11,750,79,84.73777732469173
4,2019,11,775,126,121.26102648323977
4,2019,11,800,19,20.975878888358643
4,2019,11,850,91,84.28954836299332
4,2019,12,1700,28,26.227388931172616
4,2019,12,1900,90,82.41355456306995
4,2019,12,2400,9,18.518546144515437
4,2019,12,300,114,108.40616759833244
4,2019,12,400,40,50.16403573988395
4,2019,12,725,18,26.624104216551707
4,2019,12,750,88,88.72035562415206
4,2019,12,775,106,126.65186904282191
4,2019,12,800,11,21.2121903256798
4,2019,12,850,89,83.36278033654837
5,2019,1,1700,22,24.612181074176252
5,2019,1,1900,70,79.20803645396798
5,2019,1,2400,15,16.303600959113883
5,2019,1,300,83,107.23381074289807
5,2019,1,400,65,50.63161827701413
5,2019,1,725,27,28.945491133051704
5,2019,1,750,72,98.97860606455134
5,2019,1,775,119,132.2068533415668
5,2019,1,800,24,40.97998225821333
5,2019,1,850,74,92.80422107061823
5,2019,2,1700,17,20.875440532064125
5,2019,2,1900,59,78.57483603534754
5,2019,2,2400,10,17.111268252181034
5,2019,2,300,78,107.59464150998886
5,2019,2,400,54,47.813853453433424
5,2019,2,725,15,26.314265495767906
5,2019,2,750,94,97.45324539189669
5,2019,2,775,121,130.17177006787279
5,2019,2,800,20,30.940385708103996
5,2019,2,850,64,83.45097018027134
5,2019,3,1700,28,21.148876364466034
5,2019,3,1900,77,78.31746078629216
5,2019,3,2400,12,18.578545081735715
5,2019,3,300,115,114.58862401808688
5,2019,3,400,63,52.450224020579476
5,2019,3,725,20,26.24725807011751
5,2019,3,750,84,98.28817278724406
5,2019,3,775,116,145.01572083454118
5,2019,3,800,24,31.102089230752583
5,2019,3,850,74,83.65962302147669
5,2019,4,1700,21,21.724769077030782
5,2019,4,1900,71,80.95739962146521
5,2019,4,2400,20,20.55152440003008
5,2019,4,300,104,118.59709830422668
5,2019,4,400,45,51.232445505789684
5,2019,4,725,27,29.323386257433143
5,2019,4,750,69,98.82008046701112
5,2019,4,775,129,148.40862155106865
5,2019,4,800,23,29.746861303351793
5,2019,4,850,66,91.36104635955192
5,2019,5,1700,16,22.743079996351398
5,2019,5,1900,78,83.79028052623619
5,2019,5,2400,26,20.967192679874437
5,2019,5,300,115,122.19098963697107
5,2019,5,400,67,57.66719248859802
5,2019,5,725,28,29.323090467840093
5,2019,5,750,89,95.18653272922262
5,2019,5,775,124,148.27752003575887
5,2019,5,800,21,29.049977948269706
5,2019,5,850,69,92.27416943584139
5,2019,6,1700,18,23.027994293745525
5,2019,6,1900,76,83.60925754524294
5,2019,6,2400,21,19.579238657590828
5,2019,6,300,109,120.06372001719338
5,2019,6,400,61,54.775119739053466
5,2019,6,725,42,28.14640535375596
5,2019,6,750,74,93.24211007236053
5,2019,6,775,128,147.31887216475238
5,2019,6,800,32,28.55020850213516
5,2019,6,850,74,85.36402267032307
5,2019,7,1700,29,21.435242408223022
5,2019,7,1900,81,86.98037364418626
5,2019,7,2400,27,17.62510602692347
5,2019,7,300,116,118.83507824521563
5,2019,7,400,73,55.982025160861994
5,2019,7,725,32,29.781973788193525
5,2019,7,750,78,92.6058034528148
5,2019,7,775,143,144.0368527810369
5,2019,7,800,26,29.319798566232514
5,2019,7,850,76,80.28710235794243
5,2019,8,1700,26,22.81146862919883
5,2019,8,1900,90,78.63837430444873
5,2019,8,2400,25,14.593681022800578
5,2019,8,300,161,118.195244106997
5,2019,8,400,72,57.37715885652075
5,2019,8,725,29,30.83565894107087
5,2019,8,750,86,93.24808141359033
5,2019,8,775,157,146.36615764568094
5,2019,8,800,32,30.49524487693732
5,2019,8,850,86,78.63694922770043
5,2019,9,1700,17,20.50412262601272
5,2019,9,1900,73,78.18957622733889
5,2019,9,2400,18,14.850679146438434
5,2019,9,300,120,112.596399367401
5,2019,9,400,61,56.29728172264523
5,2019,9,725,20,27.40568256012525
5,2019,9,750,95,92.767898497422
5,2019,9,775,109,133.48957925488617
5,2019,9,800,23,25.858186939608576
5,2019,9,850,60,86.5776849758271
5,2019,10,1700,33,19.695824639968407
5,2019,10,1900,93,78.55464473748
5,2019,10,2400,13,16.76323276884663
5,2019,10,300,146,113.7405571407591
5,2019,10,400,61,53.962984356037666
5,2019,10,725,27,33.859012098713286
5,2019,10,750,92,92.90057632190113
5,2019,10,775,138,133.05950503006233
5,2019,10,800,16,25.717233639931543
5,2019,10,850,90,88.62272228235462
5,2019,11,1700,22,18.838435734073858
5,2019,11,1900,64,74.18887986303159
5,2019,11,2400,13,15.622257105516402
5,2019,11,300,112,101.13614539741354
5,2019,11,400,50,56.216571771135584
5,2019,11,725,15,23.756750864464976
5,2019,11,750,71,95.30676670305097
5,2019,11,775,116,119.79563732354512
5,2019,11,800,19,25.83602932997115
5,2019,11,850,74,89.27422385473662
5,2019,12,1700,21,19.480731724148534
5,2019,12,1900,71,76.03304660546178
5,2019,12,2400,13,18.53390883409061
5,2019,12,300,105,100.40790925104342
5,2019,12,400,57,54.777546931020225
5,2019,12,725,21,24.310640744404914
5,2019,12,750,74,98.13677116726383
5,2019,12,775,149,120.58494770950335
5,2019,12,800,18,27.912046786158232
5,2019,12,850,72,87.61123994999177
6,2019,1,1700,7,8.422282344293638
6,2019,1,1900,91,92.75592790354507
6,2019,1,2400,13,16.032825250797778
6,2019,1,300,131,126.94444502873415
6,2019,1,400,49,50.46712542976678
6,2019,1,725,41,49.585331953990995
6,2019,1,750,142,137.71082516627732
6,2019,1,775,209,201.94155587426982
6,2019,1,800,52,52.220700274416075
6,2019,1,850,47,63.424864571795126
6,2019,2,1700,14,8.8234181617461
6,2019,2,1900,80,92.23045661632099
6,2019,2,2400,16,17.126971228526166
6,2019,2,300,85,125.72618671641288
6,2019,2,400,43,47.395310306578445
6,2019,2,725,43,45.56115998224236
6,2019,2,750,116,134.23204866993228
6,2019,2,775,224,195.98030336653088
6,2019,2,800,40,46.230331914540315
6,2019,2,850,41,51.323033971055
6,2019,3,1700,13,9.81176982235139
6,2019,3,1900,88,93.84253000933124
6,2019,3,2400,15,18.563017411745232
6,2019,3,300,124,126.74070868101569
6,2019,3,400,58,48.51354368422221
6,2019,3,725,44,43.27699404197784
6,2019,3,750,145,131.78441041397423
6,2019,3,775,216,204.7462674404514
6,2019,3,800,46,45.81774528349647
6,2019,3,850,31,54.57782268141721
6,2019,4,1700,8,10.204574969748878
6,2019,4,1900,105,96.01289999266558
6,2019,4,2400,14,17.98814255136954
6,2019,4,300,126,126.45088847459616
6,2019,4,400,44,45.153593147413815
6,2019,4,725,41,43.450527942410034
6,2019,4,750,148,133.3128276154528
6,2019,4,775,202,201.53860848061143
6,2019,4,800,32,42.92392983071493
6,2019,4,850,44,53.863974491074586
6,2019,5,1700,13,10.561813269353916
6,2019,5,1900,83,97.32486037118498
6,2019,5,2400,17,17.845282395908413
6,2019,5,300,147,133.41373232762572
6,2019,5,400,54,45.05348792444919
6,2019,5,725,29,45.02265886599498
6,2019,5,750,152,146.32321894882492
6,2019,5,775,222,211.35636526908712
6,2019,5,800,34,43.3346264188752
6,2019,5,850,40,52.16242339004855
6,2019,6,1700,12,10.751124006132109
6,2019,6,1900,109,108.52337456267175
6,2019,6,2400,16,16.907916311086737
6,2019,6,300,153,132.220111428391
6,2019,6,400,58,48.78918352036285
6,2019,6,725,53,45.10107705822575
6,2019,6,750,145,153.89317876672501
6,2019,6,775,217,217.532303934323
6,2019,6,800,32,40.841912005603426
6,2019,6,850,53,60.24078969107243
6,2019,7,1700,12,10.154324866481588
6,2019,7,1900,101,107.45450851577665
6,2019,7,2400,33,16.025090901888138
6,2019,7,300,163,133.66724909447032
6,2019,7,400,60,52.56526690565459
6,2019,7,725,66,47.296702903690026
6,2019,7,750,134,163.81211968041538
6,2019,7,775,249,218.40700348386096
6,2019,7,800,31,36.72335335937917
6,2019,7,850,44,58.10683618711988
6,2019,8,1700,11,9.371573104691024
6,2019,8,1900,98,103.08793928353694
6,2019,8,2400,13,16.241651366792716
6,2019,8,300,134,132.67261775650297
6,2019,8,400,49,55.448105551780785
6,2019,8,725,41,43.948262943901135
6,2019,8,750,126,164.8149628463443
6,2019,8,775,229,223.92373220329583
6,2019,8,800,35,36.73891651189708
6,2019,8,850,43,57.60090987215381
6,2019,9,1700,15,9.378326506557523
6,2019,9,1900,95,99.60568425770354
6,2019,9,2400,18,16.809233565453265
6,2019,9,300,152,126.73736100852399
6,2019,9,400,53,56.527227270724865
6,2019,9,725,51,43.18478998115517
6,2019,9,750,129,159.18727200221562
6,2019,9,775,209,226.22328982122994
6,2019,9,800,38,31.494215027777233
6,2019,9,850,43,59.04474644006143
6,2019,10,1700,9,10.486738299096952
6,2019,10,1900,85,99.85483003504
6,2019,10,2400,20,20.715303813042127
6,2019,10,300,151,141.69501757143098
6,2019,10,400,51,58.71494224377907
6,2019,10,725,52,43.95657156969768
6,2019,10,750,136,158.1454356001209
6,2019,10,775,253,226.41054936806145
6,2019,10,800,23,32.28778237110226
6,2019,10,850,56,58.240365991335224
6,2019,11,1700,15,7.533172220288547
6,2019,11,1900,86,84.64276574559291
6,2019,11,2400,15,18.5572727727009
6,2019,11,300,115,137.38348282633402
6,2019,11,400,51,53.22506592462168
6,2019,11,725,54,44.76073822665109
6,2019,11,750,133,160.67207438645258
6,2019,11,775,205,228.0851667165481
6,2019,11,800,31,33.321735262284555
6,2019,11,850,54,53.834556903337145
6,2019,12,1700,13,6.5066998549227995
6,2019,12,1900,81,84.72329985427722
6,2019,12,2400,17,19.152840156313545
6,2019,12,300,126,137.86130163290886
6,2019,12,400,50,52.479149011701494
6,2019,12,725,57,44.663966854960506
6,2019,12,750,153,164.67154585377546
6,2019,12,775,196,230.79710052109087
6,2019,12,800,36,33.333709962627594
6,2019,12,850,69,54.82004457727399
7,2019,1,1700,16,14.676906101138716
7,2019,1,1900,80,78.45164478613601
7,2019,1,2400,16,17.324451711305517
7,2019,1,300,73,98.49266153430146
7,2019,1,400,35,31.369301002055465
7,2019,1,725,40,31.824590906012553
7,2019,1,750,123,152.32116442613201
7,2019,1,775,216,198.30264441774926
7,2019,1,800,38,50.576215560302934
7,2019,1,850,49,59.404751438354005
7,2019,2,1700,8,14.85375060976837
7,2019,2,1900,72,77.97834486311876
7,2019,2,2400,15,20.19284543315239
7,2019,2,300,105,98.27475922479975
7,2019,2,400,22,30.627363762904974
7,2019,2,725,28,30.610641930916564
7,2019,2,750,176,151.38754348326233
7,2019,2,775,173,192.83327569187787
7,2019,2,800,28,41.08347086109612
7,2019,2,850,47,52.35437970603558
7,2019,3,1700,21,14.670922137158
7,2019,3,1900,57,80.1585784884655
7,2019,3,2400,19,22.029950253779045
7,2019,3,300,118,99.9498906451655
7,2019,3,400,30,36.52176924971757
7,2019,3,725,35,35.30616489057524
7,2019,3,750,141,159.20416854281933
7,2019,3,775,201,202.85065317468357
7,2019,3,800,34,40.69079121978963
7,2019,3,850,45,58.348154954899776
7,2019,4,1700,16,12.264613414520769
7,2019,4,1900,75,85.17736552623464
7,2019,4,2400,21,23.49527932278336
7,2019,4,300,106,99.59717279818273
7,2019,4,400,44,37.298177330903236
7,2019,4,725,38,38.199754199309915
7,2019,4,750,192,160.19823821245438
7,2019,4,775,198,200.25820162007534
7,2019,4,800,30,38.474251155713176
7,2019,4,850,56,59.26629190978952
7,2019,5,1700,15,12.567763317630288
7,2019,5,1900,65,83.62306787629886
7,2019,5,2400,17,21.278066990748762
7,2019,5,300,113,101.2999069851051
7,2019,5,400,37,38.43152306283538
7,2019,5,725,38,39.51020242995202
7,2019,5,750,212,164.2204415550941
7,2019,5,775,221,213.70025352945342
7,2019,5,800,35,39.69179908675066
7,2019,5,850,56,53.68479583600743
7,2019,6,1700,21,14.278231911390222
7,2019,6,1900,79,86.96545246920846
7,2019,6,2400,22,20.394252909479107
7,2019,6,300,114,106.56893569916606
7,2019,6,400,35,38.135382392340894
7,2019,6,725,26,38.61328772944278
7,2019,6,750,208,167.60920609337396
7,2019,6,775,229,219.43511645268475
7,2019,6,800,42,39.1151379061315
7,2019,6,850,57,60.965284477683554
7,2019,7,1700,14,15.503228030570511
7,2019,7,1900,65,95.9571640305485
7,2019,7,2400,12,22.0463040385092
7,2019,7,300,103,108.29280117133521
7,2019,7,400,38,41.2777040261609
7,2019,7,725,32,40.442683628971984
7,2019,7,750,171,181.48303670242268
7,2019,7,775,246,218.02244692721234
7,2019,7,800,38,35.7201291737641
7,2019,7,850,48,57.956390136431544
7,2019,8,1700,27,16.389628874685407
7,2019,8,1900,76,93.90005255619161
7,2019,8,2400,18,19.301331733843845
7,2019,8,300,112,104.88958356981398
7,2019,8,400,44,41.423101632503595
7,2019,8,725,39,40.27318141007558
7,2019,8,750,183,186.87270560020968
7,2019,8,775,217,220.78676339964684
7,2019,8,800,31,35.772827320767576
7,2019,8,850,44,60.24762639980739
7,2019,9,1700,15,10.134552270860846
7,2019,9,1900,90,88.6965531417067
7,2019,9,2400,20,19.347843999176806
7,2019,9,300,98,104.87406399993255
7,2019,9,400,27,32.20963660882886
7,2019,9,725,28,38.06679640140874
7,2019,9,750,194,189.26773888171314
7,2019,9,775,207,221.11039509165508
7,2019,9,800,34,31.951500418745994
7,2019,9,850,50,64.06998342410293
7,2019,10,1700,15,11.566659780714712
7,2019,10,1900,68,89.89490058645963
7,2019,10,2400,19,21.48846064334759
7,2019,10,300,123,104.26071225863248
7,2019,10,400,30,33.3320696057368
7,2019,10,725,48,36.27710628090277
7,2019,10,750,158,194.62894279626903
7,2019,10,775,231,221.0501760639886
7,2019,10,800,41,32.855832742020176
7,2019,10,850,57,61.915811708784176
7,2019,11,1700,14,11.796356229376762
7,2019,11,1900,62,80.89104140489445
7,2019,11,2400,30,20.23466244908087
7,2019,11,300,76,99.03586518116002
7,2019,11,400,27,33.91538934051047
7,2019,11,725,26,36.792055915723175
7,2019,11,750,197,202.65298680557171
7,2019,11,775,249,222.35586985114472
7,2019,11,800,34,34.46679205435267
7,2019,11,850,53,58.185073334790616
7,2019,12,1700,7,11.735771391489829
7,2019,12,1900,70,81.62229621781326
7,2019,12,2400,12,18.860031591695577
7,2019,12,300,81,96.25487212557083
7,2019,12,400,35,31.27026619942613
7,2019,12,725,35,35.73338240470721
7,2019,12,750,213,205.32693159769082
7,2019,12,775,256,225.4940078275702
7,2019,12,800,35,34.673311673069385
7,2019,12,850,60,58.59944138760786
8,2019,1,1700,5,10.850570174156601
8,2019,1,1900,61,66.10280654097289
8,2019,1,2400,9,16.185578188789002
8,2019,1,300,58,76.83822447671398
8,2019,1,400,20,19.814595404296536
8,2019,1,725,16,21.94453070115428
8,2019,1,750,192,177.81132010304057
8,2019,1,775,181,182.8206337834368
8,2019,1,800,51,63.52249205201551
8,2019,1,850,56,61.45067636695261
8,2019,2,1700,7,11.157342528828789
8,2019,2,1900,56,64.10421523967561
8,2019,2,2400,10,17.590659267436322
8,2019,2,300,74,76.89147593117704
8,2019,2,400,14,19.510873964185738
8,2019,2,725,16,22.097865806185684
8,2019,2,750,175,177.43522681769844
8,2019,2,775,149,176.6135651400593
8,2019,2,800,41,60.54110876408939
8,2019,2,850,56,59.368569616227106
8,2019,3,1700,10,13.186613467308131
8,2019,3,1900,70,68.51643125019541
8,2019,3,2400,27,19.65593268246743
8,2019,3,300,80,77.42573559839303
8,2019,3,400,23,18.056985447090433
8,2019,3,725,14,21.766122027915245
8,2019,3,750,134,180.7729261479261
8,2019,3,775,199,177.68947368224417
8,2019,3,800,40,59.95570702258909
8,2019,3,850,62,64.23646703771908
8,2019,4,1700,10,12.156515055331928
8,2019,4,1900,61,66.25677772535612
8,2019,4,2400,27,22.227822732224993
8,2019,4,300,72,81.8167301271097
8,2019,4,400,21,18.76700764830814
8,2019,4,725,15,21.603230805573276
8,2019,4,750,147,180.97392570033932
8,2019,4,775,166,175.2455422277715
8,2019,4,800,49,54.197848568143385
8,2019,4,850,54,64.53359768335532
8,2019,5,1700,6,10.992908874520584
8,2019,5,1900,70,65.43206093702864
8,2019,5,2400,20,19.201376290794737
8,2019,5,300,79,84.29598842789468
8,2019,5,400,16,18.544156059341855
8,2019,5,725,14,21.405661165556157
8,2019,5,750,201,196.47940574503588
8,2019,5,775,177,183.62237598457315
8,2019,5,800,52,53.71728878059648
8,2019,5,850,49,63.30253447414187
8,2019,6,1700,20,11.87441621383464
8,2019,6,1900,78,61.77151026589636
8,2019,6,2400,12,17.803496803860295
8,2019,6,300,87,82.62038820689865
8,2019,6,400,12,18.513613888654287
8,2019,6,725,13,21.129841949470382
8,2019,6,750,193,194.0735751294718
8,2019,6,775,205,184.70251837553937
8,2019,6,800,60,54.176390121725305
8,2019,6,850,50,59.645886344553546
8,2019,7,1700,14,13.329545693641013
8,2019,7,1900,73,63.64389090536098
8,2019,7,2400,31,18.474378965735998
8,2019,7,300,82,87.35176216412094
8,2019,7,400,23,18.355251143579082
8,2019,7,725,19,23.521974253234347
8,2019,7,750,162,198.54132800873523
8,2019,7,775,167,187.6123324918965
8,2019,7,800,43,56.08232863214686
8,2019,7,850,71,58.57461825555525
8,2019,8,1700,9,13.955000586381837
8,2019,8,1900,73,62.471489639421705
8,2019,8,2400,14,15.33701381787001
8,2019,8,300,75,85.74067854750415
8,2019,8,400,21,18.29588140573601
8,2019,8,725,20,23.993916092583277
8,2019,8,750,154,207.28780145541083
8,2019,8,775,167,188.05384145113567
8,2019,8,800,46,55.6866764801942
8,2019,8,850,46,62.765791714418505
8,2019,9,1700,4,10.252591157720396
8,2019,9,1900,51,63.12074881380203
8,2019,9,2400,15,14.658659371502678
8,2019,9,300,89,84.94657379507942
8,2019,9,400,15,21.349838178634627
8,2019,9,725,15,23.84898012147604
8,2019,9,750,137,217.27381551315324
8,2019,9,775,192,191.26255364034066
8,2019,9,800,48,54.44130260856831
8,2019,9,850,47,64.44447839900174
8,2019,10,1700,6,10.422744451742828
8,2019,10,1900,76,65.48429329152268
8,2019,10,2400,14,15.543956356274602
8,2019,10,300,111,84.83881712884126
8,2019,10,400,16,20.34587802552261
8,2019,10,725,20,25.465452104587772
8,2019,10,750,133,223.99062487802388
8,2019,10,775,211,199.57859545916918
8,2019,10,800,46,53.67425329785981
8,2019,10,850,56,63.31252327968795
8,2019,11,1700,14,9.167904237209555
8,2019,11,1900,64,68.04596749657331
8,2019,11,2400,18,16.207148223343683
8,2019,11,300,78,82.91169602550855
8,2019,11,400,22,20.474101758350532
8,2019,11,725,13,25.462001830216657
8,2019,11,750,173,226.6910346220524
8,2019,11,775,217,200.22221799023106
8,2019,11,800,49,48.974633240869046
8,2019,11,850,48,60.82778145088325
8,2019,12,1700,15,9.570515332510482
8,2019,12,1900,90,69.21762493026637
8,2019,12,2400,11,17.35004538930228
8,2019,12,300,88,82.61969417825635
8,2019,12,400,23,18.667957267109106
8,2019,12,725,22,25.206660082871664
8,2019,12,750,167,227.1303593656985
8,2019,12,775,178,201.44997533131627
8,2019,12,800,46,48.670303773292396
8,2019,12,850,54,60.62196613295165
9,2019,1,1700,9,14.09012036548387
9,2019,1,1900,72,70.95315232544635
9,2019,1,2400,16,17.912085134096465
9,2019,1,300,105,101.18019580790167
9,2019,1,400,27,34.86724889721662
9,2019,1,725,21,22.256060779404887
9,2019,1,750,128,146.74695569941932
9,2019,1,775,195,188.09762729790998
9,2019,1,800,98,69.98120799950377
9,2019,1,850,81,76.40203705825677
9,2019,2,1700,17,12.967224733622158
9,2019,2,1900,55,66.51648081769243
9,2019,2,2400,3,17.965477834258152
9,2019,2,300,86,100.81444514021241
9,2019,2,400,28,34.680520747813844
9,2019,2,725,22,22.476748570044222
9,2019,2,750,115,134.64854220900273
9,2019,2,775,172,181.782141002658
9,2019,2,800,46,68.19567705524898
9,2019,2,850,53,67.74417578920803
9,2019,3,1700,17,19.872620447075214
9,2019,3,1900,75,77.23948784716156
9,2019,3,2400,27,18.30023315701831
9,2019,3,300,105,108.97272053770439
9,2019,3,400,37,35.363044442332686
9,2019,3,725,24,22.02658607323388
9,2019,3,750,130,141.82760337102022
9,2019,3,775,219,185.88747065774527
9,2019,3,800,53,73.2619038144886
9,2019,3,850,64,71.2456548477549
9,2019,4,1700,7,18.97242932903273
9,2019,4,1900,75,76.14861253895992
9,2019,4,2400,14,20.23528835790547
9,2019,4,300,110,106.4258709010727
9,2019,4,400,26,43.25031313298679
9,2019,4,725,24,23.320190407629802
9,2019,4,750,145,147.35347457395096
9,2019,4,775,188,184.50306765573322
9,2019,4,800,54,77.66583813033725
9,2019,4,850,66,77.75268608463274
9,2019,5,1700,9,19.27411522017743
9,2019,5,1900,65,80.15109781620288
9,2019,5,2400,20,17.35976314417348
9,2019,5,300,113,114.75865904199917
9,2019,5,400,31,44.87645342003178
9,2019,5,725,24,24.28731628271207
9,2019,5,750,101,149.6438446463484
9,2019,5,775,203,198.93714375883204
9,2019,5,800,57,78.55769989449315
9,2019,5,850,71,80.35889000008542
9,2019,6,1700,9,19.70358143247883
9,2019,6,1900,62,82.21546241408929
9,2019,6,2400,22,19.22100108800433
9,2019,6,300,119,118.31441379702687
9,2019,6,400,38,45.542675995099245
9,2019,6,725,16,24.117088755497477
9,2019,6,750,134,135.99981534500898
9,2019,6,775,213,201.60632796868657
9,2019,6,800,71,77.63585783569634
9,2019,6,850,55,77.95681734797246
9,2019,7,1700,11,19.749937280005923
9,2019,7,1900,81,80.81790439112737
9,2019,7,2400,17,18.401125212070298
9,2019,7,300,128,119.71586947352291
9,2019,7,400,39,46.100051810512255
9,2019,7,725,19,22.604747133139725
9,2019,7,750,111,133.14262314750997
9,2019,7,775,184,203.610641403412
9,2019,7,800,37,72.78932241097016
9,2019,7,850,43,79.05756179140674
9,2019,8,1700,10,21.17120679610582
9,2019,8,1900,70,76.52598846136806
9,2019,8,2400,22,17.927571592232308
9,2019,8,300,127,113.45909737214271
9,2019,8,400,33,42.55262943990731
9,2019,8,725,27,21.506115119846946
9,2019,8,750,128,137.83693234307142
9,2019,8,775,183,203.89995506946224
9,2019,8,800,43,73.32362193392078
9,2019,8,850,86,77.39759166071772
9,2019,9,1700,12,16.047209278845934
9,2019,9,1900,56,75.76057272022533
9,2019,9,2400,9,17.71738057909302
9,2019,9,300,109,112.46161862851987
9,2019,9,400,39,39.18519210401278
9,2019,9,725,17,19.48644268135382
9,2019,9,750,90,144.7255335118422
9,2019,9,775,191,201.36598894284694
9,2019,9,800,51,61.11737369612977
9,2019,9,850,67,73.73791169639308
9,2019,10,1700,16,15.79375583347003
9,2019,10,1900,85,84.3315019719704
9,2019,10,2400,11,19.0670525922949
9,2019,10,300,114,111.33533809101154
9,2019,10,400,32,39.170365225332866
9,2019,10,725,24,21.051770520510427
9,2019,10,750,102,140.81480982817828
9,2019,10,775,211,203.23266625972596
9,2019,10,800,53,62.65843378933038
9,2019,10,850,91,72.87744448604715
9,2019,11,1700,22,12.526221380697272
9,2019,11,1900,76,72.7726003204597
9,2019,11,2400,19,18.20691722266843
9,2019,11,300,75,97.17489228402455
9,2019,11,400,44,37.29704975512732
9,2019,11,725,26,22.365849536689595
9,2019,11,750,111,141.8075448266105
9,2019,11,775,182,203.55773223515536
9,2019,11,800,48,60.53038869076836
9,2019,11,850,86,70.47794992807117
9,2019,12,1700,25,12.628857403204059
9,2019,12,1900,76,73.62897831690236
9,2019,12,2400,13,18.10442128624682
9,2019,12,300,71,98.53839017547075
9,2019,12,400,39,36.712309922770345
9,2019,12,725,28,20.918042730320575
9,2019,12,750,96,143.99406951475055
9,2019,12,775,197,204.2841501420256
9,2019,12,800,50,59.290968813989814
9,2019,12,850,76,71.97304463471674
10,2019,1,1700,13,16.29360867099154
10,2019,1,1900,58,70.6594207234757
10,2019,1,2400,12,16.33678128773041
10,2019,1,300,84,88.2333388713841
10,2019,1,400,36,25.721719050111602
10,2019,1,725,27,24.650871196953577
10,2019,1,750,167,160.79663071028165
10,2019,1,775,129,147.563887721804
10,2019,1,800,59,68.62652067013956
10,2019,1,850,62,69.3726809285371
10,2019,2,1700,18,15.044202405026311
10,2019,2,1900,48,67.82497941835587
10,2019,2,2400,22,17.017495127531493
10,2019,2,300,103,89.23988737134937
10,2019,2,400,22,26.20514962510116
10,2019,2,725,20,24.67662002181389
10,2019,2,750,102,145.86792227099176
10,2019,2,775,150,145.27152915593973
10,2019,2,800,53,65.28638284021973
10,2019,2,850,65,63.383128099686964
10,2019,3,1700,12,19.94825020757973
10,2019,3,1900,79,71.96231359288714
10,2019,3,2400,24,18.007357466323565
10,2019,3,300,106,93.87597578332634
10,2019,3,400,35,28.44228353992085
10,2019,3,725,29,23.97900863421865
10,2019,3,750,130,146.71982513686874
10,2019,3,775,141,157.12278473859655
10,2019,3,800,71,68.63199445053253
10,2019,3,850,65,68.49033666477109
10,2019,4,1700,21,16.825671053053938
10,2019,4,1900,47,68.11294714828655
10,2019,4,2400,23,20.251670605467073
10,2019,4,300,99,97.29380374158245
10,2019,4,400,30,33.10378111462522
10,2019,4,725,14,23.40093147144841
10,2019,4,750,139,153.40571360219982
10,2019,4,775,122,157.0182036169719
10,2019,4,800,52,71.2348001800749
10,2019,4,850,44,70.39844393475245
10,2019,5,1700,14,16.510077997153928
10,2019,5,1900,57,66.82383799710146
10,2019,5,2400,10,17.9189268100415
10,2019,5,300,98,95.84757006441183
10,2019,5,400,35,34.36619567009311
10,2019,5,725,14,24.117453084819804
10,2019,5,750,118,155.44383473583792
10,2019,5,775,152,163.23236642418817
10,2019,5,800,58,73.27019582164985
10,2019,5,850,44,72.00998174326125
10,2019,6,1700,12,16.01729716164289
10,2019,6,1900,60,69.794397105019
10,2019,6,2400,10,18.907949132181752
10,2019,6,300,97,99.01112487106023
10,2019,6,400,36,35.09447249633033
10,2019,6,725,28,23.452055532871405
10,2019,6,750,115,139.7130855427705
10,2019,6,775,123,164.16139760511746
10,2019,6,800,57,74.66952126734044
10,2019,6,850,48,70.93196334868388
10,2019,7,1700,22,18.57147724381165
10,2019,7,1900,78,68.11940024464256
10,2019,7,2400,9,17.43871730196447
10,2019,7,300,88,101.40583901080667
10,2019,7,400,49,36.31731212155284
10,2019,7,725,22,23.364208698619063
10,2019,7,750,117,135.44296428904659
10,2019,7,775,146,163.17373011942902
10,2019,7,800,45,71.11215434179901
10,2019,7,850,49,66.72913081055249
10,2019,8,1700,17,19.101081216993972
10,2019,8,1900,76,65.05653892269402
10,2019,8,2400,15,18.676117818040257
10,2019,8,300,90,100.91341004773955
10,2019,8,400,44,34.316724421692086
10,2019,8,725,27,22.73164628705826
10,2019,8,750,115,140.00502164322853
10,2019,8,775,182,166.28378806393775
10,2019,8,800,63,71.38668397509272
10,2019,8,850,61,69.09411459718406
10,2019,9,1700,10,13.886509260411678
10,2019,9,1900,71,62.905371428069294
10,2019,9,2400,10,19.097367308393164
10,2019,9,300,97,101.1527552385386
10,2019,9,400,34,31.296701648438297
10,2019,9,725,22,21.08734026698487
10,2019,9,750,128,144.1747655130127
10,2019,9,775,143,156.27293269540857
10,2019,9,800,55,58.51965486945296
10,2019,9,850,54,67.72866336828382
10,2019,10,1700,11,13.664383251734783
10,2019,10,1900,79,62.07747580009292
10,2019,10,2400,19,19.053255282980626
10,2019,10,300,71,94.41562406193438
10,2019,10,400,29,34.031329850069746
10,2019,10,725,28,21.333306632337315
10,2019,10,750,126,143.4704290309703
10,2019,10,775,141,154.10217564028147
10,2019,10,800,59,59.68854624105027
10,2019,10,850,69,65.58897397253625
10,2019,11,1700,7,11.25046291132008
10,2019,11,1900,66,63.99186610672879
10,2019,11,2400,17,17.241245933208774
10,2019,11,300,101,91.87906567626447
10,2019,11,400,31,29.50556879248316
10,2019,11,725,18,22.560547951420325
10,2019,11,750,120,148.7496855838964
10,2019,11,775,159,153.51501032250218
10,2019,11,800,72,57.54570153116201
10,2019,11,850,56,64.72034995011578
10,2019,12,1700,14,11.401583218942818
10,2019,12,1900,66,67.10018332651612
10,2019,12,2400,20,17.011643473800177
10,2019,12,300,82,90.689972167906
10,2019,12,400,41,29.449151515629687
10,2019,12,725,25,20.865404850340212
10,2019,12,750,121,150.2723211246257
10,2019,12,775,144,154.37876503246048
10,2019,12,800,58,56.413005675889366
10,2019,12,850,40,65.68718978323184
11,2019,1,1700,21,18.391992576322163
11,2019,1,1900,95,86.62664046373659
11,2019,1,2400,14,20.351545743044117
11,2019,1,300,100,97.20571060005629
11,2019,1,400,47,30.12454354716068
11,2019,1,725,26,26.311605949247312
11,2019,1,750,181,158.75998099907633
11,2019,1,775,193,198.56898410181896
11,2019,1,800,47,52.26369959544438
11,2019,1,850,119,96.22270684500111
11,2019,2,1700,17,17.54826507782889
11,2019,2,1900,85,87.17595327023848
11,2019,2,2400,21,20.56481055517808
11,2019,2,300,79,97.60286976381477
11,2019,2,400,30,34.2328633222817
11,2019,2,725,23,24.371831686532804
11,2019,2,750,136,145.38901827544825
11,2019,2,775,164,184.5523187696045
11,2019,2,800,36,42.23783034786665
11,2019,2,850,71,92.67303822247302
11,2019,3,1700,21,16.706303772216508
11,2019,3,1900,76,93.7197301419636
11,2019,3,2400,13,20.547589923539036
11,2019,3,300,104,119.2970327688825
11,2019,3,400,38,39.575396200759755
11,2019,3,725,17,26.58934663732728
11,2019,3,750,171,146.25797239319058
11,2019,3,775,171,189.34804753823326
11,2019,3,800,49,41.879142577789516
11,2019,3,850,82,99.51148380130631
11,2019,4,1700,22,15.037034021444345
11,2019,4,1900,67,89.95981943847461
11,2019,4,2400,17,24.11891611724004
11,2019,4,300,89,120.5274684822746
11,2019,4,400,45,40.07159822018468
11,2019,4,725,20,25.86525524078027
11,2019,4,750,136,162.20389994137977
11,2019,4,775,171,187.89611612733557
11,2019,4,800,32,41.52090999035666
11,2019,4,850,76,101.89426234927062
11,2019,5,1700,17,16.827139364255675
11,2019,5,1900,82,99.26182891481751
11,2019,5,2400,18,28.447892759726386
11,2019,5,300,103,116.8363976462118
11,2019,5,400,30,39.982771962376184
11,2019,5,725,21,26.50071993464561
11,2019,5,750,148,161.89248699155806
11,2019,5,775,209,191.96491163954786
11,2019,5,800,48,42.14284380356673
11,2019,5,850,68,99.9830284879964
11,2019,6,1700,21,20.242513966019647
11,2019,6,1900,75,99.96575295852341
11,2019,6,2400,13,22.363310711008612
11,2019,6,300,91,119.49921289893022
11,2019,6,400,45,39.19166598823302
11,2019,6,725,25,30.385793906028102
11,2019,6,750,159,153.50610656620344
11,2019,6,775,184,181.58043886945313
11,2019,6,800,30,35.84535131893779
11,2019,6,850,64,89.61620895857574
11,2019,7,1700,22,19.013793775183117
11,2019,7,1900,104,103.3055910238865
11,2019,7,2400,19,24.327378493432608
11,2019,7,300,104,123.59404417383017
11,2019,7,400,51,39.94821406380369
11,2019,7,725,19,30.6180605294902
11,2019,7,750,156,149.9490093852776
11,2019,7,775,196,181.33471757704373
11,2019,7,800,31,34.01034817662438
11,2019,7,850,82,85.97758506974989
11,2019,8,1700,24,20.649361275653664
11,2019,8,1900,91,92.13503037828569
11,2019,8,2400,28,23.839130999288507
11,2019,8,300,110,122.18380485741147
11,2019,8,400,36,38.1534132578963
11,2019,8,725,26,30.452100771244503
11,2019,8,750,140,148.52220319619352
11,2019,8,775,149,185.53918712921126
11,2019,8,800,43,32.51790312840389
11,2019,8,850,74,88.68051194602097
11,2019,9,1700,16,18.187263349945102
11,2019,9,1900,96,98.34596057774569
11,2019,9,2400,21,24.679202861250538
11,2019,9,300,106,118.96341252237875
11,2019,9,400,38,36.49166623928335
11,2019,9,725,20,29.171428335321682
11,2019,9,750,152,146.1224740526032
11,2019,9,775,153,175.5096006473631
11,2019,9,800,32,30.871330374884455
11,2019,9,850,59,84.86225477239216
11,2019,10,1700,24,17.658004012083182
11,2019,10,1900,78,97.8996507217428
11,2019,10,2400,23,21.92306014977666
11,2019,10,300,127,117.99249955005216
11,2019,10,400,33,36.6589617033478
11,2019,10,725,25,28.15325641121279
11,2019,10,750,150,146.90254378691355
11,2019,10,775,175,184.98700127730817
11,2019,10,800,32,31.29890492442992
11,2019,10,850,66,87.17979867018641
11,2019,11,1700,18,17.353727731312535
11,2019,11,1900,82,80.45082416237514
11,2019,11,2400,26,18.258520513770943
11,2019,11,300,84,98.92427766094985
11,2019,11,400,37,36.405142470166666
11,2019,11,725,18,30.184981885224204
11,2019,11,750,152,148.2784005185861
11,2019,11,775,155,182.68999309790908
11,2019,11,800,31,33.0742926089049
11,2019,11,850,88,88.04677580392442
11,2019,12,1700,18,17.0142263050179
11,2019,12,1900,59,80.42790456716153
11,2019,12,2400,15,18.18428586013403
11,2019,12,300,98,94.4614129572935
11,2019,12,400,30,37.02815280662611
11,2019,12,725,31,28.19551509640362
11,2019,12,750,174,154.72980437560398
11,2019,12,775,174,183.09787540736636
11,2019,12,800,44,33.24683942874575
11,2019,12,850,83,91.65796776818596
12,2019,1,1700,27,21.747738695517384
12,2019,1,1900,124,114.01555654899765
12,2019,1,2400,40,34.603693377764415
12,2019,1,300,207,182.37147356173983
12,2019,1,400,110,117.6874248664635
12,2019,1,725,91,114.7347370424107
12,2019,1,750,109,152.12946502130677
12,2019,1,775,171,161.74558438778956
12,2019,1,800,53,51.78403184501735
12,2019,1,850,96,127.74036298769734
12,2019,2,1700,19,21.558193171036468
12,2019,2,1900,91,113.71911375885536
12,2019,2,2400,37,33.451573925685345
12,2019,2,300,181,177.20268563632834
12,2019,2,400,86,113.65647518878521
12,2019,2,725,78,101.84552711543827
12,2019,2,750,106,142.81335903969187
12,2019,2,775,147,159.65134763220382
12,2019,2,800,39,44.92427309945477
12,2019,2,850,95,127.02444212432088
12,2019,3,1700,36,28.114841908824108
12,2019,3,1900,115,126.62419636846144
12,2019,3,2400,39,37.101386449367006
12,2019,3,300,216,209.59817705480017
12,2019,3,400,167,130.56285738434363
12,2019,3,725,120,100.06520893693757
12,2019,3,750,115,142.5117558950354
12,2019,3,775,161,160.12301979717157
12,2019,3,800,48,44.75576456616432
12,2019,3,850,127,127.555435708909
12,2019,4,1700,38,32.40454266908218
12,2019,4,1900,140,125.44164487161251
12,2019,4,2400,48,36.48311849402314
12,2019,4,300,189,214.16409668235147
12,2019,4,400,135,137.09846735715075
12,2019,4,725,99,100.75699906507664
12,2019,4,750,108,160.466058941059
12,2019,4,775,166,169.68187195889163
12,2019,4,800,40,45.170429471055456
12,2019,4,850,112,127.22551468605577
12,2019,5,1700,28,33.7590264788164
12,2019,5,1900,140,143.92373451803988
12,2019,5,2400,39,40.80124669801566
12,2019,5,300,245,228.50828983139164
12,2019,5,400,171,147.74112371951637
12,2019,5,725,109,102.73942172528614
12,2019,5,750,134,159.5112713260533
12,2019,5,775,169,170.33727905702887
12,2019,5,800,38,45.18546720661017
12,2019,5,850,126,121.91112031628981
12,2019,6,1700,39,35.43754355200235
12,2019,6,1900,128,139.36325701463028
12,2019,6,2400,27,41.43161775548683
12,2019,6,300,211,221.0998805882085
12,2019,6,400,160,150.79933885297402
12,2019,6,725,108,99.72781396787872
12,2019,6,750,127,146.0649982534068
12,2019,6,775,166,170.032201340355
12,2019,6,800,44,41.48416264373454
12,2019,6,850,110,118.18468858222484
12,2019,7,1700,34,39.67500343998729
12,2019,7,1900,129,144.70392697860396
12,2019,7,2400,48,41.97101610469944
12,2019,7,300,200,227.57297517148095
12,2019,7,400,184,149.76482385412123
12,2019,7,725,82,99.79957152731798
12,2019,7,750,102,143.50454234630323
12,2019,7,775,147,175.25747412895552
12,2019,7,800,39,40.55282870662515
12,2019,7,850,127,117.84518027894427
12,2019,8,1700,33,31.872599535927527
12,2019,8,1900,136,135.58764166635714
12,2019,8,2400,38,45.12309688904995
12,2019,8,300,206,219.6083841037802
12,2019,8,400,169,149.34883616353756
12,2019,8,725,99,96.29259969671935
12,2019,8,750,134,142.65028267819062
12,2019,8,775,190,173.8025631566423
12,2019,8,800,44,40.46959347718637
12,2019,8,850,112,110.28515439117218
12,2019,9,1700,24,33.57747904581508
12,2019,9,1900,117,130.11122166889533
12,2019,9,2400,41,39.90780316285161
12,2019,9,300,178,217.7878563771536
12,2019,9,400,133,128.60229440277917
12,2019,9,725,105,93.02270283716157
12,2019,9,750,126,139.3059361284322
12,2019,9,775,177,173.70059037773066
12,2019,9,800,32,37.42510468201103
12,2019,9,850,110,108.4191524265838
12,2019,10,1700,28,33.85322573973623
12,2019,10,1900,107,129.5986731197957
12,2019,10,2400,29,38.77129279952382
12,2019,10,300,178,212.7115393656185
12,2019,10,400,135,138.80697658112868
12,2019,10,725,96,92.88255381756993
12,2019,10,750,109,143.87636340653296
12,2019,10,775,149,173.82198297125572
12,2019,10,800,46,36.71647714608136
12,2019,10,850,106,108.2538296338378
12,2019,11,1700,29,33.31137838706496
12,2019,11,1900,116,125.42040899476267
12,2019,11,2400,41,34.247862560463474
12,2019,11,300,178,195.64459201123157
12,2019,11,400,114,138.32596144506496
12,2019,11,725,93,92.87808488406225
12,2019,11,750,107,138.82957303272303
12,2019,11,775,118,173.63448268957123
12,2019,11,800,42,37.318308996095794
12,2019,11,850,134,109.48818821936767
12,2019,12,1700,18,28.475391916466233
12,2019,12,1900,108,122.59675622349282
12,2019,12,2400,39,33.386705915098425
12,2019,12,300,183,194.96922123678965
12,2019,12,400,111,137.52347702707164
12,2019,12,725,90,92.79898713295319
12,2019,12,750,142,142.628665591872
12,2019,12,775,184,184.54545365482323
12,2019,12,800,40,37.459176378279814
12,2019,12,850,132,111.77514539998388
13,2019,1,1700,18,18.161743817721177
13,2019,1,1900,92,81.9604180791985
13,2019,1,2400,25,23.060646777919626
13,2019,1,300,134,146.00864905303527
13,2019,1,400,67,64.68476268690314
13,2019,1,725,70,64.77027569450838
13,2019,1,750,71,97.05039593177717
13,2019,1,775,150,133.30321077384866
13,2019,1,800,24,33.77565518756949
13,2019,1,850,99,105.0442698748028
13,2019,2,1700,16,18.72704186706606
13,2019,2,1900,92,77.36065502737549
13,2019,2,2400,14,21.689045805147412
13,2019,2,300,126,144.3970520071086
13,2019,2,400,70,63.53634202959719
13,2019,2,725,63,62.90769298612597
13,2019,2,750,85,96.80820743009757
13,2019,2,775,123,128.00420335662656
13,2019,2,800,19,24.215818669453505
13,2019,2,850,118,100.88408609579834
13,2019,3,1700,28,20.44412422227446
13,2019,3,1900,97,85.94171394332957
13,2019,3,2400,23,24.716039840312863
13,2019,3,300,151,160.14811219265968
13,2019,3,400,81,73.4560304157639
13,2019,3,725,66,64.65439523529191
13,2019,3,750,99,94.93165666978261
13,2019,3,775,142,126.29438914014835
13,2019,3,800,21,23.90992041076851
13,2019,3,850,116,106.29157437129963
13,2019,4,1700,31,21.482528920251045
13,2019,4,1900,91,87.96864560826614
13,2019,4,2400,27,26.691559013893418
13,2019,4,300,134,165.97277258282887
13,2019,4,400,83,75.25449075844881
13,2019,4,725,67,66.12553846112013
13,2019,4,750,88,99.46405200137012
13,2019,4,775,128,133.82884909173282
13,2019,4,800,17,23.110245054711925
13,2019,4,850,96,107.85453999569513
13,2019,5,1700,22,24.721048588819176
13,2019,5,1900,117,90.40551324161993
13,2019,5,2400,24,27.017467204906616
13,2019,5,300,161,166.70134372000265
13,2019,5,400,91,75.04537088143721
13,2019,5,725,63,67.58598289612029
13,2019,5,750,110,108.13443156944763
13,2019,5,775,149,147.77040808918852
13,2019,5,800,18,20.92419719632968
13,2019,5,850,77,108.30743224046948
13,2019,6,1700,26,28.522764526803304
13,2019,6,1900,92,90.81964550736772
13,2019,6,2400,21,26.382066530370242
13,2019,6,300,172,166.99496758103353
13,2019,6,400,76,82.06366378640224
13,2019,6,725,61,66.34533590773499
13,2019,6,750,124,105.29318953648517
13,2019,6,775,137,135.3442332946776
13,2019,6,800,17,20.779734304168883
13,2019,6,850,85,109.78090916293665
13,2019,7,1700,34,28.987605800529874
13,2019,7,1900,117,93.57018716190768
13,2019,7,2400,22,25.26405958368802
13,2019,7,300,163,165.1174625365657
13,2019,7,400,134,80.80336694807627
13,2019,7,725,67,68.175915562628
13,2019,7,750,100,104.98162504939567
13,2019,7,775,134,141.2701031900548
13,2019,7,800,22,20.577027705137578
13,2019,7,850,84,110.97608766809095
13,2019,8,1700,33,27.628613830673647
13,2019,8,1900,96,94.92254253704176
13,2019,8,2400,30,25.190773713511998
13,2019,8,300,166,164.1741807017252
13,2019,8,400,70,78.20842215733171
13,2019,8,725,45,67.57306904936148
13,2019,8,750,106,102.64238881444051
13,2019,8,775,124,145.53081045084303
13,2019,8,800,8,18.708295167705487
13,2019,8,850,96,105.70513992529335
13,2019,9,1700,16,25.454473464368498
13,2019,9,1900,105,90.60210118069588
13,2019,9,2400,28,29.041588368850086
13,2019,9,300,180,163.28912858517063
13,2019,9,400,79,76.23312227771028
13,2019,9,725,55,67.51153049666783
13,2019,9,750,90,101.62434592870777
13,2019,9,775,146,144.9923197472068
13,2019,9,800,14,17.788520414247383
13,2019,9,850,79,101.45526791762649
13,2019,10,1700,21,24.491596090142185
13,2019,10,1900,102,96.2632182497692
13,2019,10,2400,33,27.209199108795247
13,2019,10,300,168,167.3835429498999
13,2019,10,400,80,78.17618250384811
13,2019,10,725,58,68.55868005775115
13,2019,10,750,78,102.40730516118239
13,2019,10,775,142,146.5997488943775
13,2019,10,800,15,17.811445810516883
13,2019,10,850,77,97.14155315007491
13,2019,11,1700,15,24.596957011456258
13,2019,11,1900,86,87.39163518525383
13,2019,11,2400,14,23.162377794526456
13,2019,11,300,132,147.7500185015128
13,2019,11,400,74,77.0019808991942
13,2019,11,725,55,62.08453203142214
13,2019,11,750,98,102.01765741438602
13,2019,11,775,133,141.9341960035417
13,2019,11,800,11,17.766192038082178
13,2019,11,850,78,98.52971004643058
13,2019,12,1700,28,23.179152608595313
13,2019,12,1900,131,87.23902104148459
13,2019,12,2400,20,22.685862623584786
13,2019,12,300,116,141.6572147681194
13,2019,12,400,65,75.49346248199252
13,2019,12,725,57,61.43275335177591
13,2019,12,750,125,102.29419071026504
13,2019,12,775,145,139.89374557710573
13,2019,12,800,22,18.508451951626423
13,2019,12,850,92,98.33269687890045
14,2019,1,1700,14,12.727268732882644
14,2019,1,1900,80,84.87598727336218
14,2019,1,2400,26,19.738878226721507
14,2019,1,300,124,90.88075031233365
14,2019,1,400,35,25.94742838684681
14,2019,1,725,24,22.61693533908803
14,2019,1,750,169,174.5251115485365
14,2019,1,775,300,243.96009756413653
14,2019,1,800,41,48.827377551246634
14,2019,1,850,79,99.1081173418814
14,2019,2,1700,15,12.954301858017534
14,2019,2,1900,109,76.22027813328292
14,2019,2,2400,18,20.23117738182357
14,2019,2,300,81,91.0344219234366
14,2019,2,400,29,25.731705993701162
14,2019,2,725,12,22.739348018851278
14,2019,2,750,159,164.7626294082271
14,2019,2,775,224,232.13674409268154
14,2019,2,800,42,45.060365283911274
14,2019,2,850,71,94.09996266224053
14,2019,3,1700,12,13.02879461231643
14,2019,3,1900,84,84.61359936957673
14,2019,3,2400,24,25.512924777908598
14,2019,3,300,104,102.96641406669691
14,2019,3,400,34,29.554654404412116
14,2019,3,725,21,20.9880264600176
14,2019,3,750,188,180.69468957566673
14,2019,3,775,293,241.42068953603732
14,2019,3,800,42,44.596220489556494
14,2019,3,850,82,101.47646023276083
14,2019,4,1700,12,16.835074612457486
14,2019,4,1900,78,87.74242709961611
14,2019,4,2400,14,25.746721122771163
14,2019,4,300,90,102.9268393635923
14,2019,4,400,39,31.08539837548321
14,2019,4,725,17,22.057373232433832
14,2019,4,750,164,173.49164148542147
14,2019,4,775,290,246.80457491410678
14,2019,4,800,37,44.50322124175109
14,2019,4,850,89,103.62071148052594
14,2019,5,1700,11,16.75972993529536
14,2019,5,1900,107,92.19293152548398
14,2019,5,2400,17,18.63687537407249
14,2019,5,300,108,111.3214825158686
14,2019,5,400,24,38.910526011414554
14,2019,5,725,20,21.175455519619476
14,2019,5,750,149,164.75914369690594
14,2019,5,775,284,250.40155269250602
14,2019,5,800,45,44.07383393845427
14,2019,5,850,124,103.27988403925417
14,2019,6,1700,17,17.184122036343346
14,2019,6,1900,91,93.07323828119453
14,2019,6,2400,16,19.129629840332598
14,2019,6,300,121,109.70399825149414
14,2019,6,400,44,35.57212958614414
14,2019,6,725,25,22.23816941300785
14,2019,6,750,102,168.85279769144853
14,2019,6,775,252,251.12690409871388
14,2019,6,800,37,43.413908446905225
14,2019,6,850,99,105.21955768159336
14,2019,7,1700,20,18.149027818050417
14,2019,7,1900,98,87.18296707032556
14,2019,7,2400,19,19.143480275184647
14,2019,7,300,122,121.44084688949738
14,2019,7,400,53,40.478545663036705
14,2019,7,725,20,27.007209974253595
14,2019,7,750,154,172.72945603430225
14,2019,7,775,315,267.39175700443906
14,2019,7,800,38,37.931262090389744
14,2019,7,850,133,106.60364211268916
14,2019,8,1700,8,19.02746709402606
14,2019,8,1900,99,93.00869877295561
14,2019,8,2400,30,19.595741504949913
14,2019,8,300,116,122.4441659870814
14,2019,8,400,37,40.010957789592645
14,2019,8,725,22,23.137617209870836
14,2019,8,750,167,176.49900361560256
14,2019,8,775,293,277.52184571098144
14,2019,8,800,38,36.159581129694246
14,2019,8,850,100,103.4980590641334
14,2019,9,1700,14,16.69492510720298
14,2019,9,1900,91,89.30879515536233
14,2019,9,2400,20,18.893658287802083
14,2019,9,300,119,123.4634167626326
14,2019,9,400,34,37.06093694046036
14,2019,9,725,31,22.931233986201676
14,2019,9,750,165,176.4918080319127
14,2019,9,775,281,279.3599842477874
14,2019,9,800,36,35.396648394386716
14,2019,9,850,111,102.2845334749616
14,2019,10,1700,7,16.866100667716204
14,2019,10,1900,81,89.54979635335053
14,2019,10,2400,28,21.83398974327893
14,2019,10,300,93,118.06094815782151
14,2019,10,400,48,38.384326327056485
14,2019,10,725,30,26.049865052974894
14,2019,10,750,172,175.9398645451954
14,2019,10,775,256,271.71656661414335
14,2019,10,800,23,36.852482829502215
14,2019,10,850,94,97.78804639386215
14,2019,11,1700,17,14.253579022843999
14,2019,11,1900,70,85.88677645725306
14,2019,11,2400,18,21.87358605464423
14,2019,11,300,100,106.14105619444894
14,2019,11,400,25,36.82693948933843
14,2019,11,725,21,21.83514684845458
14,2019,11,750,203,171.34165591782684
14,2019,11,775,242,260.5750683992605
14,2019,11,800,28,36.950889330857024
14,2019,11,850,99,99.39406494002621
14,2019,12,1700,12,12.424631945270088
14,2019,12,1900,76,86.22426444643727
14,2019,12,2400,23,25.031503167448232
14,2019,12,300,110,103.74382470577963
14,2019,12,400,32,30.57006773965581
14,2019,12,725,24,21.684294493725005
14,2019,12,750,157,192.14972729209393
14,2019,12,775,315,260.761203385557
14,2019,12,800,34,40.328395596206576
14,2019,12,850,77,98.5422767877131
15,2019,1,1700,2,4.853029833805277
15,2019,1,1900,93,92.78762929764562
15,2019,1,2400,22,20.187038613573318
15,2019,1,300,99,124.72472694241678
15,2019,1,400,45,37.74944644746744
15,2019,1,725,21,22.406958099042097
15,2019,1,750,193,177.60079131811779
15,2019,1,775,209,236.18207668969004
15,2019,1,800,86,93.8398765896343
15,2019,1,850,81,83.88912878093012
15,2019,2,1700,3,1.1532714338853285
15,2019,2,1900,77,86.63289133083174
15,2019,2,2400,13,21.369683598278094
15,2019,2,300,119,124.21678528346543
15,2019,2,400,36,36.55612017372921
15,2019,2,725,19,22.399921615511282
15,2019,2,750,163,164.8613286835823
15,2019,2,775,203,230.56792265130338
15,2019,2,800,51,69.64148167993068
15,2019,2,850,76,82.79846501550868
15,2019,3,1700,1,1.0749190377623339
15,2019,3,1900,92,94.255958581131
15,2019,3,2400,27,26.262170255102415
15,2019,3,300,116,128.85063767382022
15,2019,3,400,35,42.48900248318666
15,2019,3,725,30,21.084631544486165
15,2019,3,750,179,178.21298892874
15,2019,3,775,222,235.2932500269134
15,2019,3,800,54,68.35221034126522
15,2019,3,850,70,84.55439126780007
15,2019,4,1700,1,1.1652963786647146
15,2019,4,1900,95,94.95264510528115
15,2019,4,2400,24,26.64674101851001
15,2019,4,300,109,128.98416946692396
15,2019,4,400,45,46.43218805815736
15,2019,4,725,19,23.825136635637456
15,2019,4,750,162,169.18154321296453
15,2019,4,775,204,231.88278325964117
15,2019,4,800,39,64.01008151933027
15,2019,4,850,65,83.89037052369042
15,2019,5,1700,1,1.761224013526115
15,2019,5,1900,82,94.14139071466491
15,2019,5,2400,22,22.428902501196532
15,2019,5,300,114,141.43208198939226
15,2019,5,400,30,45.62391904601118
15,2019,5,725,35,22.943539581342478
15,2019,5,750,170,162.39173331156368
15,2019,5,775,235,239.64014505359418
15,2019,5,800,47,64.79001165919578
15,2019,5,850,71,84.12441040231838
15,2019,6,1700,3,2.337098344125808
15,2019,6,1900,100,92.36108549202264
15,2019,6,2400,24,21.550476019821733
15,2019,6,300,151,146.94794544742018
15,2019,6,400,48,48.05826770010944
15,2019,6,725,22,23.9435217089498
15,2019,6,750,143,165.79052657388652
15,2019,6,775,228,246.03559856496034
15,2019,6,800,50,64.74510128924499
15,2019,6,850,72,81.04566204751994
15,2019,7,1700,15,2.979643497171763
15,2019,7,1900,92,94.17339110061273
15,2019,7,2400,26,20.038508979502534
15,2019,7,300,148,147.88241825786227
15,2019,7,400,51,49.44044062501252
15,2019,7,725,30,29.394025353274124
15,2019,7,750,147,164.62282817553373
15,2019,7,775,223,239.2694786769502
15,2019,7,800,44,67.48549779216167
15,2019,7,850,77,78.77427228877151
15,2019,8,1700,14,3.396969744788803
15,2019,8,1900,108,93.8106729789688
15,2019,8,2400,15,20.029248010710074
15,2019,8,300,132,130.0200290779048
15,2019,8,400,58,40.34429308948694
15,2019,8,725,17,27.089351038179768
15,2019,8,750,151,166.28349118870108
15,2019,8,775,210,246.04921653915963
15,2019,8,800,45,63.90935053996433
15,2019,8,850,64,77.83570119672706
15,2019,9,1700,13,3.4077805832652315
15,2019,9,1900,85,89.24269368219296
15,2019,9,2400,25,19.223003891339946
15,2019,9,300,122,130.84782490889123
15,2019,9,400,44,40.248920329655384
15,2019,9,725,17,27.27276851969905
15,2019,9,750,152,170.2063724135614
15,2019,9,775,219,220.82551271949507
15,2019,9,800,41,59.01482496442105
15,2019,9,850,78,78.01555397872038
15,2019,10,1700,5,3.1807873691557003
15,2019,10,1900,91,91.86629196508053
15,2019,10,2400,17,21.952251510530967
15,2019,10,300,131,131.43451448330293
15,2019,10,400,48,45.02501903798351
15,2019,10,725,19,26.456885514114898
15,2019,10,750,132,170.3379356716998
15,2019,10,775,244,227.5449400267656
15,2019,10,800,39,61.48207159321854
15,2019,10,850,70,85.93325119205554
15,2019,11,1700,5,3.3100657240802605
15,2019,11,1900,76,91.9526288436629
15,2019,11,2400,15,20.671735649320425
15,2019,11,300,115,123.16992424347019
15,2019,11,400,33,37.69122369657505
15,2019,11,725,26,21.124814694968165
15,2019,11,750,156,163.38007053976335
15,2019,11,775,215,226.20004469293647
15,2019,11,800,32,69.01139649705874
15,2019,11,850,75,86.17589846281271
15,2019,12,1700,10,3.4084800438596896
15,2019,12,1900,89,92.42940304773921
15,2019,12,2400,14,23.4733058824739
15,2019,12,300,113,120.92379491805971
15,2019,12,400,50,38.40312480928393
15,2019,12,725,19,21.24484079165015
15,2019,12,750,155,191.36624336143714
15,2019,12,775,239,235.22688700636994
15,2019,12,800,50,68.85722019110537
15,2019,12,850,82,85.76415066116188
16,2019,1,1700,11,11.186110747984763
16,2019,1,1900,46,65.79669215335608
16,2019,1,2400,14,17.02049884089466
16,2019,1,300,85,95.60376056510957
16,2019,1,400,23,34.329390641668496
16,2019,1,725,20,17.108437414792547
16,2019,1,750,63,91.30458047008933
16,2019,1,775,125,128.55958553054663
16,2019,1,800,53,73.36578294857784
16,2019,1,850,81,88.94382315016423
16,2019,2,1700,20,5.9991985248043305
16,2019,2,1900,69,61.02913338082968
16,2019,2,2400,9,16.74349919511472
16,2019,2,300,79,94.9445430728549
16,2019,2,400,29,32.90966270610854
16,2019,2,725,18,17.750831843319748
16,2019,2,750,75,85.70843597257165
16,2019,2,775,94,126.89386058057285
16,2019,2,800,25,54.92926730721563
16,2019,2,850,64,84.0275498898279
16,2019,3,1700,11,7.688578977714665
16,2019,3,1900,75,72.74570986513626
16,2019,3,2400,20,17.526279905399463
16,2019,3,300,96,95.16647098339357
16,2019,3,400,57,40.59668239526886
16,2019,3,725,26,17.856002347440167
16,2019,3,750,88,96.35331979992719
16,2019,3,775,119,128.36264833264008
16,2019,3,800,26,58.97966018903013
16,2019,3,850,72,82.9160606774905
16,2019,4,1700,10,7.405751477924329
16,2019,4,1900,66,72.44137188127485
16,2019,4,2400,17,15.996220395412644
16,2019,4,300,75,101.93684269419334
16,2019,4,400,33,45.26354769355576
16,2019,4,725,16,20.90142732275202
16,2019,4,750,72,93.35293369198861
16,2019,4,775,114,120.72022355523961
16,2019,4,800,34,49.78636240950456
16,2019,4,850,57,76.29979442713702
16,2019,5,1700,16,7.033193009646966
16,2019,5,1900,59,68.66479020441051
16,2019,5,2400,11,14.772933261018885
16,2019,5,300,98,103.95719336607877
16,2019,5,400,30,42.56293991265726
16,2019,5,725,19,21.95287363118543
16,2019,5,750,78,92.99902307648668
16,2019,5,775,119,117.28135618046768
16,2019,5,800,31,48.31141762115109
16,2019,5,850,79,77.79240172560054
16,2019,6,1700,13,7.843243818647694
16,2019,6,1900,79,67.90960674878282
16,2019,6,2400,11,14.10207890446178
16,2019,6,300,101,101.18367539538792
16,2019,6,400,42,43.91782759512975
16,2019,6,725,15,25.57018289554638
16,2019,6,750,74,85.82983530709703
16,2019,6,775,113,110.21710801165575
16,2019,6,800,29,46.032111135140156
16,2019,6,850,65,70.43521302337943
16,2019,7,1700,14,8.321540793915597
16,2019,7,1900,81,68.89510728755481
16,2019,7,2400,25,14.356288746555297
16,2019,7,300,101,104.87135021234377
16,2019,7,400,55,44.95804241531227
16,2019,7,725,25,25.288521396033477
16,2019,7,750,75,83.3522786673029
16,2019,7,775,124,119.58748380052913
16,2019,7,800,27,46.69161876237797
16,2019,7,850,78,70.35114046337796
16,2019,8,1700,9,6.859649419867527
16,2019,8,1900,84,59.944166869449525
16,2019,8,2400,23,15.170331811729227
16,2019,8,300,127,103.694501837838
16,2019,8,400,40,38.25884235730761
16,2019,8,725,14,24.92821973096607
16,2019,8,750,88,89.97791398752639
16,2019,8,775,127,117.10519501141464
16,2019,8,800,19,48.136360959987755
16,2019,8,850,67,81.51533298568832
16,2019,9,1700,6,6.701642628298537
16,2019,9,1900,70,61.16537126040357
16,2019,9,2400,14,13.732443965117634
16,2019,9,300,82,103.40000682318944
16,2019,9,400,49,38.65599834557827
16,2019,9,725,22,19.684722731794636
16,2019,9,750,73,90.07701378230468
16,2019,9,775,106,114.79588752508778
16,2019,9,800,31,48.22664631037006
16,2019,9,850,78,75.98083952635653
16,2019,10,1700,6,7.844976391704999
16,2019,10,1900,66,62.13065247368559
16,2019,10,2400,10,13.80032632358965
16,2019,10,300,98,106.06017002353832
16,2019,10,400,50,43.892256894962934
16,2019,10,725,19,19.554912050045324
16,2019,10,750,67,89.60589459155705
16,2019,10,775,146,131.62425094351593
16,2019,10,800,43,48.889033646303425
16,2019,10,850,95,78.04085397788958
16,2019,11,1700,13,8.623234182200259
16,2019,11,1900,56,63.4848294266913
16,2019,11,2400,16,12.732040515279605
16,2019,11,300,85,90.45532771691907
16,2019,11,400,42,36.250871768541344
16,2019,11,725,18,18.09417948398156
16,2019,11,750,71,90.18310398839495
16,2019,11,775,103,121.1187099160039
16,2019,11,800,35,49.16833615137328
16,2019,11,850,67,80.18718708742955
16,2019,12,1700,8,7.688998554547826
16,2019,12,1900,71,70.11722064135235
16,2019,12,2400,13,12.034939376320164
16,2019,12,300,99,88.70065174459361
16,2019,12,400,45,37.782366992039826
16,2019,12,725,27,18.911915501778182
16,2019,12,750,78,98.29315349581906
16,2019,12,775,134,130.6632500509722
16,2019,12,800,38,48.040803597467544
16,2019,12,850,106,81.0196800103505
17,2019,1,1700,13,14.336023331661439
17,2019,1,1900,65,65.82805901691196
17,2019,1,2400,19,22.074987556570793
17,2019,1,300,97,85.71528237962005
17,2019,1,400,28,30.812328218063254
17,2019,1,725,26,18.45684561820882
17,2019,1,750,131,159.81267046392264
17,2019,1,775,188,193.5728414939472
17,2019,1,800,79,77.94946906291823
17,2019,1,850,61,61.96333859552755
17,2019,2,1700,18,14.097568916753074
17,2019,2,1900,38,60.91043623402272
17,2019,2,2400,14,17.18459149334375
17,2019,2,300,59,84.97641655000295
17,2019,2,400,19,27.19144118909872
17,2019,2,725,23,17.91322577978476
17,2019,2,750,114,155.7169713775127
17,2019,2,775,173,193.6342699371608
17,2019,2,800,44,75.14369488585959
17,2019,2,850,40,61.05266539688987
17,2019,3,1700,11,16.708423216823856
17,2019,3,1900,70,73.20900366013434
17,2019,3,2400,26,16.509810101397587
17,2019,3,300,84,85.18071128147866
17,2019,3,400,28,26.95315119123683
17,2019,3,725,19,16.970535217788857
17,2019,3,750,129,151.91030388716183
17,2019,3,775,210,194.6593702407345
17,2019,3,800,56,75.13369273728713
17,2019,3,850,57,62.74383254960795
17,2019,4,1700,18,17.705088615387485
17,2019,4,1900,63,72.78374681771272
17,2019,4,2400,16,15.994098102931117
17,2019,4,300,97,88.41249958531866
17,2019,4,400,28,26.45014583185021
17,2019,4,725,22,19.062031578186684
17,2019,4,750,150,146.95654369489196
17,2019,4,775,186,194.49829570974887
17,2019,4,800,69,66.09391248074604
17,2019,4,850,53,62.131158780189416
17,2019,5,1700,17,18.247384914791986
17,2019,5,1900,60,69.357806973437
17,2019,5,2400,15,20.039629019637083
17,2019,5,300,100,93.71566836950532
17,2019,5,400,23,26.69505538588738
17,2019,5,725,19,20.002573948817904
17,2019,5,750,120,139.08570513059615
17,2019,5,775,186,191.22729477416794
17,2019,5,800,60,64.59343413273136
17,2019,5,850,50,58.64555271958338
17,2019,6,1700,17,19.53956303823024
17,2019,6,1900,57,69.20790990855609
17,2019,6,2400,15,18.195452350258495
17,2019,6,300,108,90.63490040295385
17,2019,6,400,23,31.776769746438617
17,2019,6,725,12,23.04475797343328
17,2019,6,750,110,137.246725558741
17,2019,6,775,186,190.38998253665383
17,2019,6,800,55,61.094025257635835
17,2019,6,850,53,56.605535175648214
17,2019,7,1700,19,17.001420481630486
17,2019,7,1900,71,70.56513733379647
17,2019,7,2400,13,19.352294112875693
17,2019,7,300,105,98.22026006513086
17,2019,7,400,23,29.993754390765737
17,2019,7,725,19,23.171566106663054
17,2019,7,750,104,140.77666790294012
17,2019,7,775,197,192.23012979739906
17,2019,7,800,67,60.74724050107725
17,2019,7,850,57,55.52236201392091
17,2019,8,1700,12,16.288543968148158
17,2019,8,1900,65,61.81619369531323
17,2019,8,2400,21,19.95231420885702
17,2019,8,300,100,97.41598417289053
17,2019,8,400,31,30.142047227588453
17,2019,8,725,23,23.36652548970806
17,2019,8,750,115,135.04330267127122
17,2019,8,775,195,199.0055486397168
17,2019,8,800,63,54.70814870225208
17,2019,8,850,47,52.54219239594843
17,2019,9,1700,8,15.619668496405161
17,2019,9,1900,68,63.02564158751562
17,2019,9,2400,19,19.958531615276343
17,2019,9,300,111,95.00172726513594
17,2019,9,400,24,27.790740004027615
17,2019,9,725,16,18.1580987962854
17,2019,9,750,94,133.6695090966294
17,2019,9,775,186,200.10736869484873
17,2019,9,800,60,53.12331405057576
17,2019,9,850,33,53.54885969801148
17,2019,10,1700,19,15.648886536487492
17,2019,10,1900,68,64.73621923086792
17,2019,10,2400,20,19.155313776153818
17,2019,10,300,119,100.9587299674537
17,2019,10,400,30,32.85784043784863
17,2019,10,725,17,18.371757150735352
17,2019,10,750,87,135.89921048780087
17,2019,10,775,217,200.90050142820758
17,2019,10,800,54,53.73048299902091
17,2019,10,850,35,54.817804568733415
17,2019,11,1700,17,15.370692600942974
17,2019,11,1900,53,66.16886812926803
17,2019,11,2400,15,20.306500075643847
17,2019,11,300,87,91.98470982287621
17,2019,11,400,26,30.761158519276563
17,2019,11,725,15,17.89819222616072
17,2019,11,750,126,137.8427003133585
17,2019,11,775,168,201.80508548024713
17,2019,11,800,69,53.98711165427636
17,2019,11,850,43,57.94053312510496
17,2019,12,1700,23,15.811884910996355
17,2019,12,1900,74,72.18592739531768
17,2019,12,2400,19,19.146245968967612
17,2019,12,300,85,90.53229855467335
17,2019,12,400,26,32.55943020510885
17,2019,12,725,26,19.84734925667881
17,2019,12,750,135,139.34447096238284
17,2019,12,775,240,207.19614606807676
17,2019,12,800,41,52.797969265820576
17,2019,12,850,70,58.20333449832636
18,2019,1,1700,20,17.406596593069075
18,2019,1,1900,90,93.38517470532814
18,2019,1,2400,18,27.4980643406734
18,2019,1,300,147,140.79415261786016
18,2019,1,400,69,99.15055775063733
18,2019,1,725,74,71.94273431722957
18,2019,1,750,80,108.09248053000073
18,2019,1,775,157,123.11184398755056
18,2019,1,800,34,46.54449439449436
18,2019,1,850,101,111.60982782101527
18,2019,2,1700,17,17.28008793000952
18,2019,2,1900,80,88.18577362474777
18,2019,2,2400,23,27.45515892292954
18,2019,2,300,132,136.26956132331736
18,2019,2,400,83,99.48475390062508
18,2019,2,725,49,71.51206358187386
18,2019,2,750,78,99.56441977815163
18,2019,2,775,144,123.19626650723156
18,2019,2,800,29,35.67240034841006
18,2019,2,850,81,95.01893657410632
18,2019,3,1700,30,18.44908264318841
18,2019,3,1900,102,99.5370203093144
18,2019,3,2400,30,26.520889596253088
18,2019,3,300,180,135.3557367840082
18,2019,3,400,122,96.9911146388517
18,2019,3,725,70,72.48206987994962
18,2019,3,750,94,100.05819007176035
18,2019,3,775,158,123.34631918222364
18,2019,3,800,15,34.04983221320053
18,2019,3,850,109,108.63007098358462
18,2019,4,1700,22,18.619291987186113
18,2019,4,1900,123,98.5182633318337
18,2019,4,2400,33,26.139799848927474
18,2019,4,300,180,160.42811107996874
18,2019,4,400,160,98.88516117001454
18,2019,4,725,73,78.7104162829931
18,2019,4,750,86,100.51687104255767
18,2019,4,775,142,135.21464671868543
18,2019,4,800,30,32.929197486830766
18,2019,4,850,92,110.23767919240458
18,2019,5,1700,21,19.784519873940653
18,2019,5,1900,98,105.10889730849807
18,2019,5,2400,29,26.15521950824858
18,2019,5,300,171,162.44609491507694
18,2019,5,400,120,103.4787341440398
18,2019,5,725,81,80.59274299565095
18,2019,5,750,98,101.9187916881778
18,2019,5,775,156,147.46917378229975
18,2019,5,800,11,30.671688595315445
18,2019,5,850,95,108.36937304304034
18,2019,6,1700,20,21.378406068372094
18,2019,6,1900,95,104.13129600117134
18,2019,6,2400,25,29.399367746177127
18,2019,6,300,168,165.06341307678125
18,2019,6,400,167,125.731951071127
18,2019,6,725,81,79.23235055048468
18,2019,6,750,75,95.17838135657203
18,2019,6,775,121,151.8507506793453
18,2019,6,800,30,25.901236372076458
18,2019,6,850,108,103.83221338584839
18,2019,7,1700,22,20.208216874152214
18,2019,7,1900,108,111.76474702225933
18,2019,7,2400,35,28.718122592718707
18,2019,7,300,158,168.12497725752996
18,2019,7,400,151,129.90134163538818
18,2019,7,725,77,79.37632348205854
18,2019,7,750,109,101.69465296117153
18,2019,7,775,154,151.42015434753733
18,2019,7,800,40,24.431342650648034
18,2019,7,850,104,106.1517985596945
18,2019,8,1700,25,18.98630899234933
18,2019,8,1900,92,112.02728856735331
18,2019,8,2400,43,25.925347063634604
18,2019,8,300,178,164.79346381943333
18,2019,8,400,115,125.41585995079511
18,2019,8,725,74,81.6493412962314
18,2019,8,750,104,103.99410375420075
18,2019,8,775,134,148.41136377982102
18,2019,8,800,22,24.024911114733467
18,2019,8,850,99,106.1253269773666
18,2019,9,1700,22,19.570393086469775
18,2019,9,1900,93,106.72011671987458
18,2019,9,2400,28,24.181658830608722
18,2019,9,300,145,155.28392112584368
18,2019,9,400,124,118.46231264696523
18,2019,9,725,61,71.14458958441178
18,2019,9,750,86,105.75155675563595
18,2019,9,775,130,148.5376187520372
18,2019,9,800,20,26.41004628649075
18,2019,9,850,96,102.62163695964175
18,2019,10,1700,22,22.689202624097597
18,2019,10,1900,88,111.74756636291366
18,2019,10,2400,33,25.47509977606908
18,2019,10,300,165,150.67163223750484
18,2019,10,400,113,111.80584596699282
18,2019,10,725,65,70.87974931339218
18,2019,10,750,80,115.08090704992976
18,2019,10,775,144,147.54979107531616
18,2019,10,800,21,26.895542730751334
18,2019,10,850,108,102.30784693377579
18,2019,11,1700,25,22.70846466403816
18,2019,11,1900,75,95.82612396279598
18,2019,11,2400,37,24.32341562733323
18,2019,11,300,167,150.57174355142885
18,2019,11,400,94,111.30798219461373
18,2019,11,725,71,70.97322925085433
18,2019,11,750,88,116.4287460251112
18,2019,11,775,116,142.3346345167428
18,2019,11,800,15,26.57005083199611
18,2019,11,850,93,100.77830903614422
18,2019,12,1700,24,22.30045959993456
18,2019,12,1900,76,99.91967635966017
18,2019,12,2400,25,24.44704151230807
18,2019,12,300,165,155.88233753322643
18,2019,12,400,121,111.00016718009435
18,2019,12,725,72,71.29518744882218
18,2019,12,750,97,115.55998320323855
18,2019,12,775,129,141.53167354694014
18,2019,12,800,14,26.370566737439308
18,2019,12,850,87,102.47064263296087
19,2019,1,1700,14,22.181768820541066
19,2019,1,1900,81,96.37335976415133
19,2019,1,2400,19,20.20213868555832
19,2019,1,300,106,120.0646588647398
19,2019,1,400,53,50.06792610698106
19,2019,1,725,28,24.741645706952657
19,2019,1,750,89,115.41110068953346
19,2019,1,775,152,159.32899930202
19,2019,1,800,61,62.23652615110613
19,2019,1,850,89,112.44326911645162
19,2019,2,1700,21,22.070999110982985
19,2019,2,1900,67,78.94480093740992
19,2019,2,2400,12,19.870598419446186
19,2019,2,300,108,115.09171042414194
19,2019,2,400,38,50.00846490911114
19,2019,2,725,19,27.186535873329092
19,2019,2,750,65,107.42497801217502
19,2019,2,775,135,145.37895398892954
19,2019,2,800,30,53.913000858114
19,2019,2,850,99,93.56533937999998
19,2019,3,1700,39,25.149886670201692
19,2019,3,1900,71,95.46642640701593
19,2019,3,2400,28,26.42574108563605
19,2019,3,300,151,127.71959885534227
19,2019,3,400,58,55.50557810973808
19,2019,3,725,34,28.925866558499866
19,2019,3,750,92,108.54531260637873
19,2019,3,775,139,147.99808569190623
19,2019,3,800,55,53.989546994918626
19,2019,3,850,106,104.39415927517688
19,2019,4,1700,17,23.584688510672073
19,2019,4,1900,84,94.99436095377122
19,2019,4,2400,18,26.03500090527556
19,2019,4,300,99,125.66675234655877
19,2019,4,400,52,55.433514292803494
19,2019,4,725,26,31.12046156440346
19,2019,4,750,74,106.84375092686876
19,2019,4,775,124,145.5776713294483
19,2019,4,800,40,50.131350325615266
19,2019,4,850,71,103.82338093456822
19,2019,5,1700,24,22.876278695154035
19,2019,5,1900,82,94.21059745466037
19,2019,5,2400,9,26.643379303549914
19,2019,5,300,108,128.91413743917792
19,2019,5,400,42,60.052470782074934
19,2019,5,725,23,34.45405051927672
19,2019,5,750,85,104.98381337593769
19,2019,5,775,155,144.82754876757306
19,2019,5,800,43,48.8088919083669
19,2019,5,850,125,102.37372842409178
19,2019,6,1700,22,24.36380538045938
19,2019,6,1900,66,85.37387053950053
19,2019,6,2400,15,27.97365082853065
19,2019,6,300,120,135.12459356744498
19,2019,6,400,75,59.6777387618664
19,2019,6,725,24,38.205048964378555
19,2019,6,750,71,89.11431830300978
19,2019,6,775,126,143.76448943490547
19,2019,6,800,46,48.600796705239375
19,2019,6,850,77,88.484904255381
19,2019,7,1700,19,24.71881631370136
19,2019,7,1900,88,86.37874594292212
19,2019,7,2400,20,26.32674180952958
19,2019,7,300,143,133.03572207126342
19,2019,7,400,50,56.493633028851136
19,2019,7,725,28,36.17903619147562
19,2019,7,750,81,91.7437264898088
19,2019,7,775,164,168.45256902344929
19,2019,7,800,40,49.75082343761663
19,2019,7,850,72,88.44144532545192
19,2019,8,1700,40,22.780531202354823
19,2019,8,1900,92,86.50818447094704
19,2019,8,2400,19,25.37680584828504
19,2019,8,300,106,128.61071655413355
19,2019,8,400,52,46.71646783629822
19,2019,8,725,24,34.383770918544755
19,2019,8,750,80,92.5846950064236
19,2019,8,775,161,171.24781948142203
19,2019,8,800,32,49.55122508078888
19,2019,8,850,118,93.30992935355766
19,2019,9,1700,33,25.62635492760695
19,2019,9,1900,73,83.24741058468857
19,2019,9,2400,21,20.416241049594195
19,2019,9,300,116,137.00641767733873
19,2019,9,400,41,47.11269338123135
19,2019,9,725,23,32.31665380930324
19,2019,9,750,55,94.91117777991771
19,2019,9,775,119,157.19814880864956
19,2019,9,800,47,41.998942765784456
19,2019,9,850,86,94.00478042930537
19,2019,10,1700,18,25.753448484143167
19,2019,10,1900,80,86.96874154909301
19,2019,10,2400,21,20.00781663887481
19,2019,10,300,117,135.28523451881713
19,2019,10,400,49,49.466451510554975
19,2019,10,725,29,32.805817947982725
19,2019,10,750,80,102.06594127466504
19,2019,10,775,127,161.35564440645226
19,2019,10,800,46,39.553441729693716
19,2019,10,850,77,94.94242279501708
19,2019,11,1700,16,21.5361514495198
19,2019,11,1900,61,84.36486615386067
19,2019,11,2400,17,21.177225481991275
19,2019,11,300,110,128.69410053761843
19,2019,11,400,49,47.58892740419401
19,2019,11,725,34,29.311331300184303
19,2019,11,750,83,104.25236526920698
19,2019,11,775,143,158.82779405570207
19,2019,11,800,56,39.29905800236976
19,2019,11,850,86,96.61158657415653
19,2019,12,1700,15,20.089942195959967
19,2019,12,1900,69,83.29251793874182
19,2019,12,2400,18,20.826090677706233
19,2019,12,300,107,121.48449237443593
19,2019,12,400,42,47.84963079163407
19,2019,12,725,22,28.48151902247217
19,2019,12,750,77,105.37043394587823
19,2019,12,775,140,156.0052011591592
19,2019,12,800,33,39.23818772174988
19,2019,12,850,111,97.80693326211232
20,2019,1,1700,12,15.763320732100999
20,2019,1,1900,100,95.03821221708941
20,2019,1,2400,18,25.464812810631454
20,2019,1,300,111,134.5062849942494
20,2019,1,400,43,48.112842675483975
20,2019,1,725,39,60.91075784444125
20,2019,1,750,171,167.06950590993395
20,2019,1,775,173,161.82065108797735
20,2019,1,800,41,52.43434275590982
20,2019,1,850,84,72.8267661839147
20,2019,2,1700,7,15.904211056997788
20,2019,2,1900,66,81.83803408940726
20,2019,2,2400,16,25.34113600876402
20,2019,2,300,121,133.28802008587948
20,2019,2,400,34,41.339692953041165
20,2019,2,725,48,46.73699935632497
20,2019,2,750,134,160.20610985376737
20,2019,2,775,182,150.06222689086175
20,2019,2,800,31,38.760762826594835
20,2019,2,850,55,70.11054500606184
20,2019,3,1700,10,15.73561848460879
20,2019,3,1900,92,101.60261940387137
20,2019,3,2400,23,27.809011321652644
20,2019,3,300,139,143.5144766500179
20,2019,3,400,45,46.4563307003533
20,2019,3,725,64,48.17253557039508
20,2019,3,750,102,157.8057422025111
20,2019,3,775,207,158.10255076402078
20,2019,3,800,28,37.818281645058725
20,2019,3,850,80,72.78015593572934
20,2019,4,1700,11,16.2301122186017
20,2019,4,1900,77,100.64444497493767
20,2019,4,2400,22,27.55561684022912
20,2019,4,300,122,148.1682890555266
20,2019,4,400,53,49.43558976325525
20,2019,4,725,32,47.77229746708742
20,2019,4,750,109,156.59126018629257
20,2019,4,775,188,157.1760735614531
20,2019,4,800,38,36.74290485437495
20,2019,4,850,77,74.60438297118415
20,2019,5,1700,10,18.193480439562823
20,2019,5,1900,81,100.38060168007661
20,2019,5,2400,23,27.651672616770515
20,2019,5,300,145,152.73929570100802
20,2019,5,400,37,49.777759374891794
20,2019,5,725,49,50.21862178089958
20,2019,5,750,118,156.81901172482765
20,2019,5,775,180,156.85046032768173
20,2019,5,800,34,33.81129828856
20,2019,5,850,91,84.8206243959476
20,2019,6,1700,19,16.512718017039504
20,2019,6,1900,73,81.40587143814123
20,2019,6,2400,24,29.438066217784502
20,2019,6,300,168,152.2807281078279
20,2019,6,400,53,46.96912078527577
20,2019,6,725,44,50.33576480511047
20,2019,6,750,82,142.5198700763723
20,2019,6,775,182,155.04310430863356
20,2019,6,800,32,33.0401765529391
20,2019,6,850,66,84.28712385861019
20,2019,7,1700,20,15.820187314331106
20,2019,7,1900,78,77.76998159651635
20,2019,7,2400,23,27.725215803076228
20,2019,7,300,169,158.30294465750836
20,2019,7,400,50,54.17485699097162
20,2019,7,725,41,57.907884876746074
20,2019,7,750,105,139.2888709821261
20,2019,7,775,188,174.08469290238264
20,2019,7,800,28,33.405023149530436
20,2019,7,850,73,85.36917073682031
20,2019,8,1700,13,18.372408927457414
20,2019,8,1900,96,79.2757340457664
20,2019,8,2400,12,30.190195207534646
20,2019,8,300,172,156.94008570410014
20,2019,8,400,43,48.58654543266809
20,2019,8,725,39,57.39739478047239
20,2019,8,750,100,141.35066166855333
20,2019,8,775,203,176.94730015392383
20,2019,8,800,25,33.84195801954286
20,2019,8,850,75,86.7527907800929
20,2019,9,1700,17,18.417690901212744
20,2019,9,1900,94,78.28001365893132
20,2019,9,2400,30,25.39392790904604
20,2019,9,300,174,154.74331923536266
20,2019,9,400,53,49.642067943723745
20,2019,9,725,43,60.03557344498383
20,2019,9,750,103,147.54127404935156
20,2019,9,775,166,168.78395679441726
20,2019,9,800,27,31.471626112175407
20,2019,9,850,72,85.06190384736435
20,2019,10,1700,17,19.7973101092649
20,2019,10,1900,97,84.60212112500086
20,2019,10,2400,30,26.507538332397015
20,2019,10,300,158,157.5482239982239
20,2019,10,400,43,56.8804389187669
20,2019,10,725,53,60.38871166229809
20,2019,10,750,111,154.92641178004652
20,2019,10,775,168,175.08848207378117
20,2019,10,800,24,32.71857215064005
20,2019,10,850,74,89.53405094576334
20,2019,11,1700,12,19.41259803889047
20,2019,11,1900,83,85.4752544477304
20,2019,11,2400,15,23.781054796785817
20,2019,11,300,129,152.6122222688458
20,2019,11,400,47,47.2877170113438
20,2019,11,725,47,55.76671297947548
20,2019,11,750,105,155.89179846809068
20,2019,11,775,171,174.12212662434825
20,2019,11,800,29,32.67758402968425
20,2019,11,850,50,90.0452567940047
20,2019,12,1700,10,19.266282103883093
20,2019,12,1900,99,83.91662932666584
20,2019,12,2400,25,23.490482817158945
20,2019,12,300,157,137.13625289776314
20,2019,12,400,48,47.689279016621455
20,2019,12,725,48,55.495267495025146
20,2019,12,750,95,159.12353116428218
20,2019,12,775,174,170.71365320642397
20,2019,12,800,39,33.24034695932926
20,2019,12,850,82,82.45478733107986
21,2019,1,1700,14,17.28497535343253
21,2019,1,1900,67,65.6787816832243
21,2019,1,2400,18,21.31598046989807
21,2019,1,300,82,96.13576817934654
21,2019,1,400,30,33.547843671914784
21,2019,1,725,27,30.37950965446929
21,2019,1,750,171,142.4041804901257
21,2019,1,775,245,240.41636377294685
21,2019,1,800,63,93.18725911645934
21,2019,1,850,60,61.40045466111697
21,2019,2,1700,24,17.36626672705023
21,2019,2,1900,53,63.30857711814896
21,2019,2,2400,10,21.65877458567279
21,2019,2,300,90,98.73937041836886
21,2019,2,400,28,34.15686656878098
21,2019,2,725,29,29.007690085598004
21,2019,2,750,128,130.04133697481836
21,2019,2,775,198,229.08753584117076
21,2019,2,800,53,76.99150426400016
21,2019,2,850,52,57.51578481950035
21,2019,3,1700,34,16.62238648086789
21,2019,3,1900,68,65.29619065491433
21,2019,3,2400,18,19.511179032180646
21,2019,3,300,102,109.99932029300571
21,2019,3,400,25,35.79256982920152
21,2019,3,725,16,27.06467234076281
21,2019,3,750,130,134.26314504169918
21,2019,3,775,213,227.07361276161765
21,2019,3,800,62,77.17023324159827
21,2019,3,850,43,57.491988556528014
21,2019,4,1700,34,23.17155263960596
21,2019,4,1900,52,65.94484772093814
21,2019,4,2400,19,19.066845105173055
21,2019,4,300,102,108.1163677970484
21,2019,4,400,32,34.94140559823115
21,2019,4,725,19,27.500214468712038
21,2019,4,750,132,121.92562030651683
21,2019,4,775,227,231.20189071384553
21,2019,4,800,76,75.93496745580742
21,2019,4,850,31,57.27797226856182
21,2019,5,1700,17,26.09927439878974
21,2019,5,1900,63,67.691069967847
21,2019,5,2400,19,21.353200525527793
21,2019,5,300,118,107.6407502109905
21,2019,5,400,31,34.34872928259439
21,2019,5,725,22,27.702358871906522
21,2019,5,750,153,121.53067572647542
21,2019,5,775,256,237.9877935518081
21,2019,5,800,79,71.52786794967732
21,2019,5,850,40,60.027335894823715
21,2019,6,1700,18,25.283110535129865
21,2019,6,1900,49,68.32632633177859
21,2019,6,2400,25,21.419747846154266
21,2019,6,300,96,110.61283521047253
21,2019,6,400,35,40.65573192065515
21,2019,6,725,19,26.82283564129283
21,2019,6,750,125,121.57248028253684
21,2019,6,775,207,236.8239773419903
21,2019,6,800,47,73.2527876046051
21,2019,6,850,45,60.271199680771566
21,2019,7,1700,24,26.314220886514892
21,2019,7,1900,64,67.98507419553461
21,2019,7,2400,18,18.17377061540324
21,2019,7,300,117,110.50015105683522
21,2019,7,400,36,40.95424999669747
21,2019,7,725,23,26.884384129901115
21,2019,7,750,111,122.33448105625008
21,2019,7,775,222,238.34249352633825
21,2019,7,800,75,75.46020339231158
21,2019,7,850,51,61.29944286850595
21,2019,8,1700,22,25.149621531164332
21,2019,8,1900,61,67.68239095912767
21,2019,8,2400,14,19.43355244638861
21,2019,8,300,107,109.91398632854619
21,2019,8,400,34,39.345122634500626
21,2019,8,725,23,24.71109631707375
21,2019,8,750,129,123.64125157735818
21,2019,8,775,229,230.255775625081
21,2019,8,800,47,75.15216438709962
21,2019,8,850,40,60.20735447314611
21,2019,9,1700,23,25.221433541627377
21,2019,9,1900,64,66.12652611852928
21,2019,9,2400,15,19.322532285731953
21,2019,9,300,92,108.1554797376082
21,2019,9,400,43,39.78703867484161
21,2019,9,725,20,22.27296836024627
21,2019,9,750,125,135.29205356511474
21,2019,9,775,211,224.25127413871348
21,2019,9,800,66,72.84938183936559
21,2019,9,850,41,58.97052975893848
21,2019,10,1700,16,22.09796628609225
21,2019,10,1900,43,72.42872399245582
21,2019,10,2400,19,18.32471353812227
21,2019,10,300,74,103.42667062414633
21,2019,10,400,27,41.549638279807915
21,2019,10,725,25,25.128882548672546
21,2019,10,750,101,144.27506124283167
21,2019,10,775,255,224.83879398289716
21,2019,10,800,69,73.20449245154406
21,2019,10,850,41,55.997749728282876
21,2019,11,1700,13,20.485249685693937
21,2019,11,1900,46,73.62767502347467
21,2019,11,2400,14,17.207417609315826
21,2019,11,300,78,99.5664100431668
21,2019,11,400,33,37.49035511547633
21,2019,11,725,21,22.957118034541324
21,2019,11,750,123,148.74687561286916
21,2019,11,775,245,227.55645670520482
21,2019,11,800,62,61.35635324706407
21,2019,11,850,47,56.29104739872111
21,2019,12,1700,23,22.329633860126574
21,2019,12,1900,74,73.03761827085734
21,2019,12,2400,12,22.494627149312144
21,2019,12,300,83,101.13489643919756
21,2019,12,400,26,37.88798313814473
21,2019,12,725,26,24.82772910390036
21,2019,12,750,141,154.57171388863642
21,2019,12,775,212,254.02099625827432
21,2019,12,800,66,59.869393472260995
21,2019,12,850,50,57.64152551062893
