area,month,agg_id,total_crimes,predicted_crimes
1,1,1700,11,51.00769025015899
1,1,1900,90,54.34882606457933
1,1,2400,28,29.05021086699918
1,1,300,216,135.71665364691245
1,1,400,73,123.04751668813725
1,1,725,57,83.9516700706302
1,1,750,127,81.32535411152304
1,1,775,293,78.77827692812235
1,1,800,31,76.31442605088552
1,1,850,72,71.6509839623871
1,2,1700,4,48.1371604384297
1,2,1900,80,52.695016928286634
1,2,2400,22,30.230553654708558
1,2,300,198,136.25706163092428
1,2,400,50,122.5392708911607
1,2,725,57,80.78104439521877
1,2,750,114,78.0044674694912
1,2,775,298,75.31557694941904
1,2,800,26,72.71845213159423
1,2,850,34,67.81439413541767
1,3,1700,3,46.38199706441475
1,3,1900,108,51.811252661526225
1,3,2400,28,31.266281608159545
1,3,300,204,137.70041788703776
1,3,400,61,123.11332123360654
1,3,725,62,79.12800816944974
1,3,750,114,76.22377613436066
1,3,775,286,73.41397982192603
1,3,800,21,70.70276853086426
1,3,850,76,65.59123208312332
1,4,1700,9,45.493177911005034
1,4,1900,111,51.46661527290445
1,4,2400,37,31.970535405258772
1,4,300,190,139.51745151810275
1,4,400,82,124.26955911882425
1,4,725,49,78.57985782112183
1,4,750,134,75.5767094699043
1,4,775,287,72.67295162190231
1,4,800,22,69.87278002658451
1,4,850,73,64.59847924364686
1,5,1700,13,45.265875334909936
1,5,1900,118,51.48376427613431
1,5,2400,42,32.235341212079504
1,5,300,231,141.21686073345
1,5,400,85,125.54243988944683
1,5,725,66,78.75107728775794
1,5,750,147,75.68357732719625
1,5,775,276,72.71857148729788
1,5,800,20,69.86027689545546
1,5,850,64,64.47916836392352
1,6,1700,8,45.56030655816022
1,6,1900,109,51.757865633375616
1,6,2400,33,32.04564551681352
1,6,300,263,142.38032958224022
1,6,400,75,126.53499672710342
1,6,725,65,79.31400367789348
1,6,750,160,76.22197576783248
1,6,775,302,73.23367742116199
1,6,800,14,70.35332095459336
1,6,850,75,64.93175023023679
1,7,1700,11,46.315540717212855
1,7,1900,123,52.26824249815792
1,7,2400,30,31.48548507850893
1,7,300,206,142.69067475950243
1,7,400,83,126.94607237612973
1,7,725,61,80.02289995817802
1,7,750,144,76.95060756899721
1,7,775,343,73.98143353118968
1,7,800,22,71.1195584434102
1,7,850,42,65.73289536939438
1,8,1700,8,47.55514093927951
1,8,1900,103,53.081758768643624
1,8,2400,33,30.735643653876025
1,8,300,257,141.95119726179502
1,8,400,83,126.58888894691
1,8,725,69,80.72971905073456
1,8,750,149,77.72481535263825
1,8,775,301,74.8206301743997
1,8,800,24,72.02128541018493
1,8,850,91,66.75208394941757
1,9,1700,18,49.38418724131435
1,9,1900,109,54.347614416983845
1,9,2400,17,30.062810388393984
1,9,300,234,140.0950020958374
1,9,400,81,125.3997615041265
1,9,725,60,81.3905202507379
1,9,750,139,78.50280120619601
1,9,775,245,75.71170417114655
1,9,800,16,73.02126558368428
1,9,850,74,67.95701115144794
1,10,1700,2,51.97793310629305
1,10,1900,103,56.28392893931624
1,10,2400,22,29.800923516766773
1,10,300,227,137.18382730060358
1,10,400,87,123.43653312835187
1,10,725,60,82.06225253109397
1,10,750,137,79.34225905161321
1,10,775,289,76.71321673096492
1,10,800,19,74.17905061623998
1,10,850,75,69.4095817318269
1,11,1700,3,55.563032395123
1,11,1900,81,59.1571568347029
1,11,2400,24,30.326003831629635
1,11,300,196,133.39672588365676
1,11,400,73,120.86710361048273
1,11,725,57,82.89038567962444
1,11,750,164,80.38791010857341
1,11,775,300,77.96928929412417
1,11,800,19,75.63831235058052
1,11,850,63,71.25302352713726
1,12,1700,11,60.3928795237519
1,12,1900,103,63.25596177421204
1,12,2400,31,32.02630245904976
1,12,300,208,129.00970771339445
1,12,400,90,117.94917683311752
1,12,725,74,84.08858780604379
1,12,750,192,81.85114644457309
1,12,775,269,79.68920896837545
1,12,800,24,77.60640579748753
1,12,850,81,73.69135248513368
2,1,1700,17,50.272394368625385
2,1,1900,63,52.94573193779826
2,1,2400,20,24.83944634521714
2,1,300,139,121.71151089878214
2,1,400,64,111.43824261835863
2,1,725,55,78.38038044817614
2,1,750,111,76.11127740039257
2,1,775,127,73.90670993626583
2,1,800,27,71.77081912083332
2,1,850,66,67.720295353018
2,2,1700,9,47.41802871335341
2,2,1900,77,51.285130554264754
2,2,2400,17,25.9879759355411
2,2,300,112,122.38794007103235
2,2,400,60,111.07466907821464
2,2,725,56,75.35369674564964
2,2,750,112,72.93273561283087
2,2,775,130,70.58457445505002
2,2,800,21,68.31345379357327
2,2,850,65,64.01790682187885
2,3,1700,21,45.69664776381643
2,3,1900,85,50.418369303595966
2,3,2400,16,27.034937234082747
2,3,300,139,124.01748853534474
2,3,400,68,111.83476592954713
2,3,725,61,73.86540733955582
2,3,750,95,71.31409763176299
2,3,775,137,68.84221986731819
2,3,800,23,66.45409145832701
2,3,850,66,61.94491972752104
2,4,1700,17,44.840381134057964
2,4,1900,67,50.09620829768784
2,4,2400,14,27.77633072908094
2,4,300,107,126.0503010853975
2,4,400,59,113.19767837543651
2,4,725,50,73.48196485530235
2,4,750,95,70.827965240482
2,4,775,131,68.25830385098408
2,4,800,25,65.77735048662754
2,4,850,68,61.09758134305622
2,5,1700,24,44.62753417403684
2,5,1900,77,50.1247407483682
2,5,2400,15,28.088183846939785
2,5,300,142,127.97682526773889
2,5,400,57,114.67953367254114
2,5,725,44,73.79956277776392
2,5,750,91,71.07637611770434
2,5,775,143,68.44065349602926
2,5,800,27,65.89679104941052
2,5,850,62,61.10074305450354
2,6,1700,24,44.90451910711664
2,6,1900,100,50.385384968711435
2,6,2400,28,27.941593769803433
2,6,300,151,129.36391682148343
2,6,400,63,115.86855271353517
2,6,725,42,74.47591599887193
2,6,750,87,71.7223251036815
2,6,775,136,69.05752719148614
2,6,800,14,66.48591747233905
2,6,850,52,61.63834399982471
2,7,1700,23,45.60052757724071
2,7,1900,81,50.84739484916673
2,7,2400,29,27.409734780616702
2,7,300,156,129.88382268639936
2,7,400,80,116.4531257143247
2,7,725,53,75.25519531537458
2,7,750,87,72.51444743926942
2,7,775,131,69.86204548157576
2,7,800,29,67.30235577864033
2,7,850,56,62.47707888344331
2,8,1700,18,46.73376678282176
2,8,1900,83,51.57184422070014
2,8,2400,27,26.666128389584912
2,8,300,159,129.33406365832008
2,8,400,79,116.24091876031918
2,8,725,58,75.98434517158631
2,8,750,99,73.30310673767991
2,8,775,152,70.70804729869297
2,8,800,18,68.20347615434758
2,8,850,65,63.48154732125505
2,9,1700,17,48.40876871021857
2,9,1900,79,52.706727462620904
2,9,2400,17,25.974154228992404
2,9,300,146,127.64694849625477
2,9,400,71,115.16778500588435
2,9,725,66,76.61971198506973
2,9,750,87,74.04682785183496
2,9,775,126,71.55632469796211
2,9,800,27,69.15242694084401
2,9,850,60,64.61987830454774
2,10,1700,17,50.80500981200413
2,10,1900,73,54.47353628514276
2,10,2400,21,25.668467356037866
2,10,300,127,124.8882527189092
2,10,400,67,113.29604971894906
2,10,725,61,77.22368758683689
2,10,750,106,74.80879081295672
2,10,775,141,72.47096388304664
2,10,800,22,70.21431931900253
2,10,850,60,65.95959241991687
2,11,1700,12,54.15778566336695
2,11,1900,79,57.14636279043435
2,11,2400,19,26.129627971022558
2,11,300,116,121.24542214282366
2,11,400,57,110.80255756880825
2,11,725,54,77.95186351429976
2,11,750,96,75.74389056734827
2,11,775,131,73.60630665451419
2,11,800,18,71.54308679332127
2,11,850,57,67.65424585215834
2,12,1700,14,58.73291242879378
2,12,1900,76,61.02518191687733
2,12,2400,20,27.753788709069624
2,12,300,122,117.00644669767672
2,12,400,77,107.95764545651065
2,12,725,52,79.03193176519954
2,12,750,97,77.07760484303463
2,12,775,146,75.18578128649852
2,12,800,20,73.36027485880942
2,12,850,71,69.92212526087343
3,1,1700,24,50.52107062997703
3,1,1900,109,52.46781971205229
3,1,2400,42,21.629933380889554
3,1,300,186,110.07393568294748
3,1,400,75,102.05850997196859
3,1,725,67,74.62086518412644
3,1,750,151,72.67908810860928
3,1,775,245,70.78750068315668
3,1,800,59,68.95040482795622
3,1,850,137,65.4555927401637
3,2,1700,20,47.68614673997246
3,2,1900,102,50.80290629237817
3,2,2400,41,22.751237298373155
3,2,300,136,110.90383949530616
3,2,400,77,101.85600016038035
3,2,725,56,71.7509474246911
3,2,750,110,69.65543499606093
3,2,775,231,67.61819291623425
3,2,800,56,65.6436303808153
3,2,850,107,61.89882539913043
3,3,1700,29,45.99922092796652
3,3,1900,143,49.95373650614448
3,3,2400,37,23.81290632507472
3,3,300,211,112.72615501613865
3,3,400,81,102.80833242966429
3,3,725,50,70.43219194611476
3,3,750,116,68.20352054146525
3,3,775,229,66.03963297510955
3,3,800,35,63.945022301213896
3,3,850,101,59.98020522392136
3,4,1700,26,45.173773359653126
3,4,1900,115,49.65290047246555
3,4,2400,38,24.59380397967135
3,4,300,166,114.97094772797601
3,4,400,88,104.37438753673297
3,4,725,70,70.21061471622335
3,4,750,111,67.87552043126954
3,4,775,196,65.6100660350424
3,4,800,28,63.41880292790694
3,4,850,117,59.27562459027496
3,5,1700,19,44.971275681317195
3,5,1900,106,49.689895257914316
3,5,2400,31,24.953757206112925
3,5,300,207,117.11091621794213
3,5,400,101,106.05243080882457
3,5,725,69,70.66446996410042
3,5,750,109,68.25554273092376
3,5,775,225,65.9194009928836
3,5,800,47,63.660627445846615
3,5,850,95,59.39206147686883
3,6,1700,30,45.224190435681805
3,6,1900,94,49.9321708674982
3,6,2400,20,24.849606841027992
3,6,300,195,118.69854966477607
3,6,400,92,107.41628644502663
3,6,725,55,71.43711638770793
3,6,750,105,68.99223564166851
3,6,775,196,66.6215598846432
3,6,800,40,64.32967472260526
3,6,850,69,59.9991528843496
3,7,1700,24,45.8515112682656
3,7,1900,110,50.33850627759995
3,7,2400,24,24.343067142352368
3,7,300,169,119.39592075405409
3,7,400,76,108.14423289005964
3,7,725,53,72.26279578098575
3,7,750,122,69.82431658148226
3,7,775,228,67.45975592183487
3,7,800,38,65.17367330195731
3,7,850,97,60.85371365076236
3,8,1700,22,46.86561046192247
3,8,1900,104,50.96361596431262
3,8,2400,34,23.59963932333659
3,8,300,175,118.99508462684054
3,8,400,92,108.03863375990869
3,8,725,41,72.98349983034888
3,8,750,112,70.59721074550208
3,8,775,229,68.28290217276327
3,8,800,40,66.04507814323034
3,8,850,105,61.81544374395918
3,9,1700,19,48.36986576200462
3,9,1900,113,51.95359094200859
3,9,2400,40,22.878518667156015
3,9,300,192,117.42778553255295
3,9,400,90,107.03504719720905
3,9,725,57,73.5558188900398
3,9,750,97,71.26970667292727
3,9,775,269,69.0520709282103
3,9,800,39,66.90733123933416
3,9,850,116,62.85278327952648
3,10,1700,18,50.547286773828375
3,10,1900,105,53.53251629463949
3,10,2400,18,22.514139967017684
3,10,300,201,114.76399598419113
3,10,400,81,105.20037406328657
3,10,725,75,74.04746690886924
3,10,750,135,71.91033340758105
3,10,775,211,69.83672003795101
3,10,800,35,67.83093382349062
3,10,850,144,64.03866697510267
3,11,1700,20,53.64109017299808
3,11,1900,93,55.98131781954754
3,11,2400,30,22.890665388546324
3,11,300,168,111.1996636907682
3,11,400,79,102.72044797551672
3,11,725,54,74.62399078672416
3,11,750,125,72.68397725604547
3,11,775,215,70.80121335004543
3,11,800,31,68.97986681497815
3,11,850,121,65.536733492216
3,12,1700,26,57.92882124540512
3,12,1900,91,59.61051441432602
3,12,2400,26,24.41127730639738
3,12,300,161,107.0348482945995
3,12,400,69,99.87826667717701
3,12,725,64,75.52693455603031
3,12,750,128,73.83001460549741
3,12,775,251,72.18291819949474
3,12,800,37,70.58964899498488
3,12,850,121,67.57929300191637
4,1,1700,20,51.57364148750668
4,1,1900,83,52.75418881386969
4,1,2400,16,19.321069100913803
4,1,300,102,100.65728007233002
4,1,400,47,94.74696816776151
4,1,725,31,72.47808581809323
4,1,750,86,70.83204288643566
4,1,775,140,69.22232519930941
4,1,800,29,67.65340219166347
4,1,850,94,64.65454871865614
4,2,1700,17,48.75714235627703
4,2,1900,93,51.083428863927395
4,2,2400,14,20.41637062034016
4,2,300,100,101.6532608091805
4,2,400,41,94.71694116341342
4,2,725,23,69.7726126338751
4,2,750,84,67.97067643729707
4,2,775,110,66.2129636968387
4,2,800,30,64.50405905351755
4,2,850,89,61.24969091226768
4,3,1700,30,47.1023213824522
4,3,1900,113,50.24956655132729
4,3,2400,21,21.493612131718976
4,3,300,127,103.671365262155
4,3,400,59,95.86408627372685
4,3,725,32,68.62452339413386
4,3,750,76,66.68650568935146
4,3,775,124,64.79910636466258
4,3,800,22,62.96700089749021
4,3,850,97,59.486008676420454
4,4,1700,39,46.30434624770743
4,4,1900,113,49.96730882980802
4,4,2400,17,22.31464945720319
4,4,300,121,106.12222550314283
4,4,400,54,97.6276443338432
4,4,725,21,68.55995065041162
4,4,750,80,66.51182798583278
4,4,775,104,64.5191280749462
4,4,800,17,62.586590720300876
4,4,850,99,58.91956527173198
4,5,1700,27,46.10798974343953
4,5,1900,86,50.00962799872315
4,5,2400,26,22.72300817185925
4,5,300,117,108.46139211134897
4,5,400,50,99.48858522409893
4,5,725,29,69.13966314918463
4,5,750,85,67.01326685955092
4,5,775,122,64.94545602961472
4,5,800,28,62.941006683562875
4,5,850,68,59.13987604029927
4,6,1700,30,46.33167943873224
4,6,1900,100,50.22984693731297
4,6,2400,17,22.660935790740325
4,6,300,107,110.22750195123837
4,6,400,61,101.00680482796116
4,6,725,20,69.99298281020702
4,6,750,92,67.82543207740702
4,6,775,96,65.71797283747247
4,6,800,22,63.67538781845752
4,6,850,62,59.80253909703998
4,7,1700,34,46.8839040945025
4,7,1900,95,50.5758830863345
4,7,2400,17,22.178124479036626
4,7,300,130,111.07285127532333
4,7,400,64,101.85081227475195
4,7,725,29,70.84438661529231
4,7,750,59,68.6772738470284
4,7,775,99,66.57012156978845
4,7,800,22,64.52768903029238
4,7,850,60,60.65458672329652
4,8,1700,29,47.77068819534571
4,8,1900,74,51.095496431459026
4,8,2400,13,21.431295908704044
4,8,300,118,110.78429576493028
4,8,400,62,101.81787229064167
4,8,725,16,71.5309167331364
4,8,750,58,69.40926721648458
4,8,775,100,67.34586268814047
4,8,800,19,65.34540837166088
4,8,850,74,61.55074781099785
4,9,1700,26,49.0935683146966
4,9,1900,68,51.93210673335881
4,9,2400,23,20.674547629049187
4,9,300,110,109.29314918615302
4,9,400,54,100.84331477486222
4,9,725,25,72.00926002915395
4,9,750,72,69.98030084931844
4,9,775,105,68.00636917988624
4,9,800,30,66.09208608143337
4,9,850,62,62.45954676529465
4,10,1700,44,51.03827256046526
4,10,1900,75,53.31150135989111
4,10,2400,18,20.241082620759983
4,10,300,120,106.67359753731608
4,10,400,44,98.99856315818425
4,10,725,28,72.35217943567869
4,10,750,69,70.46396330680392
4,10,775,95,68.62616473307236
4,10,800,15,66.84329138457935
4,10,850,66,63.45897818090117
4,11,1700,25,53.855054146341274
4,11,1900,56,55.520486252142575
4,11,2400,17,20.517620644226838
4,11,300,111,103.13001711927092
4,11,400,51,96.47829734523503
4,11,725,32,72.73481642983853
4,11,750,79,71.03475528687733
4,11,775,126,69.37924218377913
4,11,800,19,67.77264357962878
4,11,850,91,64.72232251920678
4,12,1700,28,57.83229811981829
4,12,1900,90,58.87917553258404
4,12,2400,9,21.913366906221484
4,12,300,114,98.97441289432419
4,12,400,40,93.57798473819304
4,12,725,18,73.41216686731451
4,12,750,88,71.94553615283832
4,12,775,106,70.51647687581891
4,12,800,11,69.1291884665664
4,12,850,89,66.49543709354867
5,1,1700,22,53.24191464492134
5,1,1900,70,53.63651728535507
5,1,2400,15,17.804525962609034
5,1,300,83,93.2909275444693
5,1,400,65,89.31989970125534
5,1,725,27,71.73949096485768
5,1,750,72,70.3562316221217
5,1,775,119,68.99603450778551
5,1,800,24,67.6635424354684
5,1,850,74,65.09900837520428
5,2,1700,17,50.438487241819814
5,2,1900,59,51.954320985067454
5,2,2400,10,18.871607832203438
5,2,300,78,94.46051467627359
5,2,400,54,89.46860028212569
5,2,725,15,69.20085282147585
5,2,750,94,67.65926531452743
5,2,775,121,66.14845861043096
5,2,800,20,64.67319860142044
5,2,850,64,61.84709423250416
5,3,1700,28,48.810343567984376
5,3,1900,77,51.13055144402853
5,3,2400,12,19.962581401349155
5,3,300,115,96.67373230628829
5,3,400,63,90.80939047367457
5,3,725,20,68.22080614660109
5,3,750,84,66.5401095327
5,3,775,116,64.89647095651554
5,3,800,24,63.29475413828578
5,3,850,74,60.23520975774619
5,4,1700,21,48.034814260307314
5,4,1900,71,50.86245472150432
5,4,2400,20,20.822551780551578
5,4,300,104,99.32256548124525
5,4,400,45,92.76263814143414
5,4,725,27,68.30629910469025
5,4,750,69,66.51187691771366
5,4,775,129,64.75926433984961
5,4,800,23,63.05339542806206
5,4,850,66,59.80026083311924
5,5,1700,16,47.840211717241175
5,5,1900,78,50.90665320236104
5,5,2400,26,21.27874664807706
5,5,300,115,101.84611673423962
5,5,400,67,94.79268449835973
5,5,725,28,69.00117158570384
5,5,750,89,67.12425457624732
5,5,775,124,65.29232392584191
5,5,800,21,63.51035473412804
5,5,850,69,60.114814425138604
5,6,1700,18,48.03090638668465
5,6,1900,76,51.102250029271374
5,6,2400,21,21.25855857308153
5,6,300,109,103.76973715070227
5,6,400,61,96.4460183120321
5,6,725,42,69.92108278440384
5,6,750,74,67.99817669510622
5,6,775,128,66.12184453962283
5,6,800,32,64.29707187620835
5,6,850,74,60.82074826378113
5,7,1700,29,48.50459413661912
5,7,1900,81,51.38593925201377
5,7,2400,27,20.79913802945549
5,7,300,116,104.73634706414697
5,7,400,73,97.3817242825865
5,7,725,32,70.78091195800181
5,7,750,78,68.85298001524671
5,7,775,143,66.97163964421662
5,7,800,26,65.14185537604527
5,7,850,76,61.6554131067972
5,8,1700,26,49.260411564784874
5,8,1900,90,51.79791279149532
5,8,2400,25,20.04767477064553
5,8,300,161,104.5278208027633
5,8,400,72,97.39212280099338
5,8,725,29,71.41270527774788
5,8,750,86,69.52412803228464
5,8,775,157,67.68064075377362
5,8,800,32,65.88715530837027
5,8,850,86,62.46844648076541
5,9,1700,17,50.39729407323131
5,9,1900,73,52.47808923052099
5,9,2400,18,19.25222582435191
5,9,300,120,103.07507863569145
5,9,400,61,96.41228331986377
5,9,725,20,71.77299749493278
5,9,750,95,69.97034495641884
5,9,775,109,68.20984116647043
5,9,800,23,66.4963140037583
5,9,850,60,63.22812980176269
5,10,1700,33,52.10275722685793
5,10,1900,93,53.652963907021615
5,10,2400,13,18.743685951896907
5,10,300,146,100.45639399999374
5,10,400,61,94.51795355851601
5,10,725,27,71.93917848989469
5,10,750,92,70.26984041876523
5,10,775,138,68.63837573532538
5,10,800,16,67.04949791645441
5,10,850,90,64.01701500558949
5,11,1700,22,54.63305063434774
5,11,1900,64,55.6141285201341
5,11,2400,13,18.910190568698738
5,11,300,112,96.88431634705586
5,11,400,50,91.91233152264277
5,11,725,15,72.09543269426314
5,11,750,71,70.60616167692234
5,11,775,116,69.14928235680082
5,11,800,19,67.72936489482919
5,11,850,74,65.01739322395252
5,12,1700,21,58.28632141615918
5,12,1900,71,58.69017127764192
5,12,2400,13,20.16583471694713
5,12,300,105,92.68245739793593
5,12,400,57,88.90294464804202
5,12,725,21,72.50958219370324
5,12,750,74,71.24500992914574
5,12,775,149,70.00628789054491
5,12,800,18,68.79781606992066
5,12,850,72,66.48796730401256
6,1,1700,7,55.33372478761186
6,1,1900,91,54.94289225201675
6,1,2400,13,16.967142183686803
6,1,300,131,87.78454729236574
6,1,400,49,85.57561367260888
6,1,725,41,72.17969640371695
6,1,750,142,71.02526910192711
6,1,775,209,69.88135635685859
6,1,800,52,68.75277925238726
6,1,850,47,66.55971246710061
6,2,1700,14,52.53372573443295
6,2,1900,80,53.23965717733546
6,2,2400,16,18.00034353208349
6,2,300,85,89.13006770070962
6,2,400,43,85.90400374769189
6,2,725,43,69.80494893089445
6,2,750,116,68.48948949307334
6,2,775,224,67.19208785489201
6,2,800,40,65.91769612826857
6,2,850,41,63.45649556856034
6,3,1700,13,50.92376062857903
6,3,1900,88,52.417835136210044
6,3,2400,15,19.100462276794417
6,3,300,124,91.53394304990462
6,3,400,58,87.43345604168309
6,3,725,44,68.98652920786509
6,3,750,145,67.52883736379619
6,3,775,216,66.09536466835954
6,3,800,46,64.69116797789712
6,3,850,31,61.98953233618187
6,4,1700,8,50.163935548648
6,4,1900,105,52.15776785893132
6,4,2400,14,19.99623763037772
6,4,300,126,94.37043613777524
6,4,400,44,89.56637254164553
6,4,725,41,69.21304361198082
6,4,750,148,67.63807793919506
6,4,775,202,66.09202942215444
6,4,800,32,64.58003112831676
6,4,850,44,61.67738696760017
6,5,1700,13,49.96644545541159
6,5,1900,83,52.200007625954015
6,5,2400,17,20.49870942842273
6,5,300,147,97.06299906646774
6,5,400,54,91.75123165809447
6,5,725,29,70.01206195595688
6,5,750,152,68.3506123530754
6,5,775,222,66.72126730202973
6,5,800,34,65.1292056975729
6,5,850,40,62.07629506738914
6,6,1700,12,50.121647977372334
6,6,1900,109,52.36941500099812
6,6,2400,16,20.520233830841164
6,6,300,153,99.12431577244962
6,6,400,58,93.52168908596315
6,6,725,53,70.98601014190746
6,6,750,145,69.27411766439428
6,6,775,217,67.59599295360778
6,6,800,32,65.95682893582153
6,6,850,53,62.81478901230031
6,7,1700,12,50.51618247779362
6,7,1900,101,52.59112961861348
6,7,2400,33,20.084949195829097
6,7,300,163,100.18833437742825
6,7,400,60,94.52775347140442
6,7,725,66,71.84034217176696
6,7,750,134,70.11847654635159
6,7,775,249,68.43053648038432
6,7,800,31,66.78169632351302
6,7,850,44,63.62064570475587
6,8,1700,11,51.141737909282085
6,8,1900,98,52.89715107582407
6,8,2400,13,19.329776497819978
6,8,300,134,100.03211961107473
6,8,400,49,94.55690855682798
6,8,725,41,72.40201586127688
6,8,750,126,70.71403381460942
6,8,775,229,69.05867881716796
6,8,800,35,67.44107378305881
6,8,850,43,64.3382465017715
6,9,1700,15,52.093824735344526
6,9,1900,95,53.42301473051367
6,9,2400,18,18.495769954650598
6,9,300,152,98.58614051580327
6,9,400,53,93.54383521246956
6,9,725,51,72.62706917847783
6,9,750,129,71.01898879458196
6,9,775,209,69.44085754378858
6,9,800,38,67.89771432757726
6,9,850,43,64.93520800448124
6,10,1700,9,53.56070889391805
6,10,1900,85,54.39483702613535
6,10,2400,20,17.910385891682665
6,10,300,151,95.93249240827964
6,10,400,51,91.56826580052831
6,10,725,52,72.5969540494919
6,10,750,136,71.11559116099698
6,10,775,253,69.66022159457162
6,10,800,23,68.23576871625875
6,10,850,56,65.49799551922871
6,11,1700,15,55.80345197637172
6,11,1900,86,56.10777185977014
6,11,2400,15,17.961947181618882
6,11,300,115,92.29146377590251
6,11,400,51,88.841406800166
6,11,725,54,72.50416191060896
6,11,750,133,71.19568268183167
6,11,775,205,69.9080860459074
6,11,800,31,68.64614980502694
6,11,850,54,66.21709661923916
6,12,1700,13,59.128708323278545
6,12,1900,81,58.89759940774849
6,12,2400,17,19.06819095390921
6,12,300,126,87.99772376166976
6,12,400,50,85.68222188740793
6,12,725,57,72.62849694300559
6,12,750,153,71.5369468212669
6,12,775,196,70.4601544750115
6,12,800,36,69.40272424439928
6,12,850,69,67.36314055460417
7,1,1700,16,57.65711233385838
7,1,1900,80,56.50166923727767
7,1,2400,16,16.69384642848337
7,1,300,73,83.93259561226688
7,1,400,35,83.29906434647302
7,1,725,40,73.56532437670859
7,1,750,123,72.60514120129693
7,1,775,216,71.64374685478134
7,1,800,38,70.6861445702528
7,1,850,49,68.80115702566064
7,2,1700,8,54.8467411111381
7,2,1900,72,54.76390684015888
7,2,2400,15,17.684134029041445
7,2,300,105,85.45113869978405
7,2,400,22,83.80281077470528
7,2,725,28,71.34623990034771
7,2,750,176,70.22206366585698
7,2,775,173,69.1040499500744
7,2,800,28,67.99734087337885
7,2,850,47,65.83718212130435
7,3,1700,21,53.24345220042625
7,3,1900,57,53.93301636658754
7,3,2400,19,18.78607946346193
7,3,300,118,88.03741965502223
7,3,400,30,85.51212280512874
7,3,725,35,70.67927073155835
7,3,750,141,69.40965474391152
7,3,775,201,68.1522493464584
7,3,800,34,66.91230832427055
7,3,850,45,64.50456925471764
7,4,1700,16,52.490873424161975
7,4,1900,75,53.67312332818284
7,4,2400,21,19.712567074497485
7,4,300,106,91.04903837123157
7,4,400,44,87.8124800281442
7,4,725,38,71.03566364942554
7,4,750,192,69.6453091952938
7,4,775,198,68.27180924257146
7,4,800,30,66.92049960775722
7,4,850,56,64.3044964973272
7,5,1700,15,52.28552946556766
7,5,1900,65,53.709094568599824
7,5,2400,17,20.258666824466047
7,5,300,113,93.89468955106742
7,5,400,37,90.13736079229085
7,5,725,38,71.9274774830813
7,5,750,212,70.44689315228271
7,5,775,221,68.98635766297986
7,5,800,35,67.55125731149411
7,5,850,56,64.77758642968939
7,6,1700,21,52.40387860936272
7,6,1900,79,53.8515982211905
7,6,2400,22,20.32160092732039
7,6,300,114,96.075059916788
7,6,400,35,92.00821422804466
7,6,725,26,72.9443902480819
7,6,750,208,71.40930122282981
7,6,775,229,69.89599303069218
7,6,800,42,68.40986947412995
7,6,850,57,65.53945830665936
7,7,1700,14,52.721270167254545
7,7,1900,65,54.01392524587601
7,7,2400,12,19.912081019007303
7,7,300,103,97.21553342993894
7,7,400,38,93.06632624390505
7,7,725,32,73.78261126852914
7,7,750,171,72.23312981382725
7,7,775,246,70.70571724637585
7,7,800,38,69.20576108187043
7,7,850,48,66.30843272815065
7,8,1700,27,53.221374318837036
7,8,1900,76,54.21925682889224
7,8,2400,18,19.156046709064242
7,8,300,112,97.0884933455348
7,8,400,44,93.09440803471108
7,8,725,39,74.26387676084806
7,8,750,183,72.7434574227521
7,8,775,217,71.24399876821582
7,8,800,31,69.77083793770754
7,8,850,44,66.92343119999742
7,9,1700,15,53.99539974134706
7,9,1900,90,54.5978215286562
7,9,2400,20,18.286578536550508
7,9,300,98,95.6238092743991
7,9,400,27,92.02653286622109
7,9,725,28,74.3432941107024
7,9,750,194,72.89750941092672
7,9,775,207,71.47025517237518
7,9,800,34,70.06678441319701
7,9,850,50,67.35089677467505
7,10,1700,15,55.23123205107214
7,10,1900,68,55.374190274007844
7,10,2400,19,17.626522501843567
7,10,300,123,92.90699896879988
7,10,400,30,89.94594290196648
7,10,725,48,74.10567807207946
7,10,750,158,72.78086037618078
7,10,775,231,71.47091879448664
7,10,800,41,70.18098952059546
7,10,850,57,67.68043199404957
7,11,1700,14,57.193429784856846
7,11,1900,62,56.84574021029431
7,11,2400,30,17.563087700007884
7,11,300,76,89.16548337747764
7,11,400,27,87.071169278632
7,11,725,26,73.75091654342424
7,11,750,197,72.59272031121537
7,11,775,249,71.44464008836104
7,11,800,34,70.31166410858015
7,11,850,53,68.10973408443198
7,12,1700,7,60.19573697102197
7,12,1900,70,59.35401482001936
7,12,2400,12,18.516304046443395
7,12,300,81,84.74423582252376
7,12,400,35,83.7317817391052
7,12,725,35,73.56974345496957
7,12,750,213,72.62168740323642
7,12,775,256,71.6780168554472
7,12,800,35,70.74354317600984
7,12,850,60,68.92023317422019
8,1,1700,5,60.02444961145403
8,1,1900,61,58.14527645596928
8,1,2400,9,16.870550014202593
8,1,300,58,81.51896747478924
8,1,400,20,82.26659638507437
8,1,725,16,75.65990052692024
8,1,750,192,74.85910397869912
8,1,775,181,74.04629041845357
8,1,800,51,73.22664803271647
8,1,850,56,71.58648804038631
8,2,1700,7,57.18596834119336
8,2,1900,56,56.35582142272716
8,2,2400,10,17.805663460189237
8,2,300,74,83.20244639426556
8,2,400,14,82.93615580454235
8,2,725,16,73.58311776776492
8,2,750,175,72.61512660885302
8,2,775,149,71.64232962779016
8,2,800,41,70.67006167944811
8,2,850,56,68.74726045217932
8,3,1700,10,55.574978713062876
8,3,1900,70,55.50209579574613
8,3,2400,27,18.899457053325307
8,3,300,80,85.95913373559989
8,3,400,23,84.81276878136515
8,3,725,14,73.05376084887422
8,3,750,134,71.93705242339303
8,3,775,199,70.82147641239527
8,3,800,40,69.71248612172013
8,3,850,62,67.53484206538297
8,4,1700,10,54.81950550016728
8,4,1900,61,55.23282390341802
8,4,2400,27,19.849594407336838
8,4,300,72,89.13115481846063
8,4,400,21,87.26616676781151
8,4,725,15,73.52683299013034
8,4,750,147,72.2860166531903
8,4,775,166,71.05092226098014
8,4,800,49,69.8270908495727
8,4,850,54,67.43411464852062
8,5,1700,6,54.600953161123755
8,5,1900,70,55.25767578609549
8,5,2400,20,20.43550132871343
8,5,300,79,92.1134320811837
8,5,400,16,89.71578436247029
8,5,725,14,74.49973859445919
8,5,750,201,73.16519904981789
8,5,775,177,71.83957871371632
8,5,800,52,70.52847366357338
8,5,850,49,67.97090447602051
8,6,1700,20,54.68206530783601
8,6,1900,78,55.37325271330002
8,6,2400,12,20.539255808689916
8,6,300,87,94.39537525236693
8,6,400,12,91.67154236527159
8,6,725,13,75.54994911649948
8,6,750,193,74.15724275130952
8,6,775,205,72.77524865112747
8,6,800,60,71.40958374176654
8,6,850,50,68.74840757669182
8,7,1700,14,54.92670343526726
8,7,1900,73,55.48074536181258
8,7,2400,31,20.157789967194105
8,7,300,82,95.5942180090754
8,7,400,23,92.76636404621996
8,7,725,19,76.36462114046327
8,7,750,162,74.95363739045598
8,7,775,167,73.5537729630708
8,7,800,43,72.17063062358312
8,7,850,71,69.4756193043143
8,8,1700,9,55.309945497010915
8,8,1900,73,55.59389758019125
8,8,2400,14,19.405382905617728
8,8,300,75,95.47775039476284
8,8,400,21,92.77821299900853
8,8,725,20,76.76010103755135
8,8,750,154,75.37401312684625
8,8,775,167,73.99811189309213
8,8,800,46,72.63795065210826
8,8,850,46,69.98576531374448
8,9,1700,4,55.91778008452485
8,9,1900,51,55.836678212738036
8,9,2400,15,18.50617340117634
8,9,300,89,93.97500999831055
8,9,400,15,91.64025158377655
8,9,725,15,76.69005152267374
8,9,750,137,75.3740922872824
8,9,775,192,74.0661192676892
8,9,800,48,72.77160143364773
8,9,850,47,70.24352873504205
8,10,1700,6,56.936502653141645
8,10,1900,76,56.430880535597964
8,10,2400,14,17.777196881408884
8,10,300,111,91.17441136952067
8,10,400,16,89.43863046984217
8,10,725,20,76.24182750108258
8,10,750,133,75.04193645806691
8,10,775,211,73.84665785330827
8,10,800,46,72.66134241251376
8,10,850,56,70.34075269018314
8,11,1700,14,58.63273903575856
8,11,1900,64,57.67466647921566
8,11,2400,18,17.603188938519736
8,11,300,78,87.30973838637175
8,11,400,22,86.39835760172747
8,11,725,13,75.62164081338807
8,11,750,173,74.5830360784824
8,11,775,217,73.54461070249482
8,11,800,49,72.51156494434719
8,11,850,48,70.48119822001564
8,12,1700,15,61.32575978124106
8,12,1900,90,59.913784541691996
8,12,2400,11,18.405036904511064
8,12,300,88,82.73532151346109
8,12,400,23,82.85858326406407
8,12,725,22,75.1299082814624
8,12,750,167,74.29564235987738
8,12,775,178,73.45619371365348
8,12,800,46,72.61658219718475
8,12,850,54,70.95577884494588
9,1,1700,9,62.25642662919955
9,1,1900,72,59.71388190896715
9,1,2400,16,17.386940360025903
9,1,300,105,80.32169950164854
9,1,400,27,82.25071637308457
9,1,725,21,78.2287062716826
9,1,750,128,77.55253348701473
9,1,775,195,76.85454581179539
9,1,800,98,76.14011800077452
9,1,850,81,74.68232892133557
9,2,1700,17,59.36846324479876
9,2,1900,55,57.85218143324556
9,2,2400,3,18.251609097184257
9,2,300,86,82.15700780749495
9,2,400,28,83.07151619332973
9,2,725,22,76.27597627336246
9,2,750,115,75.42918709082761
9,2,775,172,74.56763991786312
9,2,800,46,73.69686385882625
9,2,850,53,71.94857944823917
9,3,1700,17,57.73271078020872
9,3,1900,75,56.95928165730976
9,3,2400,27,19.324740012889663
9,3,300,105,85.06847112490169
9,3,400,37,85.09924477304622
9,3,725,24,75.8668972347844
9,3,750,130,74.86805918939018
9,3,775,219,73.8602956738726
9,3,800,53,72.8492608852469
9,3,850,64,70.83879062414809
9,4,1700,7,56.96258861268899
9,4,1900,75,56.669441760747134
9,4,2400,14,20.289528464240277
9,4,300,110,88.38405055016875
9,4,400,26,87.68918320853146
9,4,725,24,76.44147134155747
9,4,750,145,75.31526300328215
9,4,775,188,74.18466427741106
9,4,800,54,73.05542262885166
9,4,850,66,70.82276447063879
9,5,1700,9,56.725031111564306
9,5,1900,65,56.67772516681754
9,5,2400,20,20.910188442500214
9,5,300,113,91.48596893925452
9,5,400,31,90.24776794949167
9,5,725,24,77.48339853243698
9,5,750,101,76.2602341823843
9,5,775,203,75.03587534220816
9,5,800,57,73.81612892865479
9,5,850,71,71.41244228751049
9,6,1700,9,56.76932476847679
9,6,1900,62,56.766868965118476
9,6,2400,22,21.053732714314094
9,6,300,119,93.85312826933324
9,6,400,38,92.27412023023163
9,6,725,16,78.55854069129083
9,6,750,134,77.27395138669118
9,6,775,213,75.99001325697128
9,6,800,71,74.71255728619536
9,6,850,55,72.19914442446344
9,7,1700,11,56.94768665372277
9,7,1900,81,56.82576037118298
9,7,2400,17,20.70302885027951
9,7,300,128,95.09503327255544
9,7,400,39,93.39316978269954
9,7,725,19,79.34520809560519
9,7,750,111,78.03899209183538
9,7,775,184,76.73394074852723
9,7,800,37,75.43587291563045
9,7,850,43,72.882689120532
9,8,1700,10,57.226036145581304
9,8,1900,70,56.85810369900747
9,8,2400,22,19.96005864398859
9,8,300,127,94.97493404735025
9,8,400,33,93.37812372720174
9,8,725,27,79.6541612951408
9,8,750,128,78.3693287408135
9,8,775,183,77.084887339119
9,8,800,43,75.80660729156472
9,8,850,86,73.29034542620894
9,9,1700,12,57.684195144473335
9,9,1900,56,56.980638568682764
9,9,2400,9,19.039065663302893
9,9,300,109,93.42072676673371
9,9,400,39,92.16085424475051
9,9,725,17,79.43703391328773
9,9,750,90,78.2185820798116
9,9,775,191,76.99853059719709
9,9,800,51,75.78256492241081
9,9,850,67,73.38438344066918
9,10,1700,16,58.50559564536553
9,10,1900,85,57.41109861335309
9,10,2400,11,18.250060513939673
9,10,300,114,90.52308117712556
9,10,400,32,89.82970362885709
9,10,725,24,78.78278811619413
9,10,750,102,77.67635306046606
9,10,775,211,76.56520167714581
9,10,800,53,75.45489964295513
9,10,850,91,73.25788355640208
9,11,1700,22,59.95740473091456
9,11,1900,76,58.44691053913658
9,11,2400,19,17.973903075050032
9,11,300,75,86.52122350558449
9,11,400,44,86.61515772112062
9,11,725,26,77.9027405407108
9,11,750,111,76.95317877887675
9,11,775,182,75.99476814665496
9,11,800,48,75.03292126614207
9,11,850,86,73.11938164697159
9,12,1700,25,62.36273027658564
9,12,1900,76,60.43635916303202
9,12,2400,13,18.630833376948715
9,12,300,71,81.77771397996213
9,12,400,39,82.86474077239137
9,12,725,28,77.1055663995906
9,12,750,96,76.35552481353835
9,12,775,197,75.59161157166483
9,12,800,50,74.81905520465108
9,12,850,76,73.26778306403168
10,1,1700,13,64.185810925603
10,1,1900,58,61.05884370673476
10,1,2400,12,18.13911209816098
10,1,300,84,80.11762541827221
10,1,400,36,83.02479092215464
10,1,725,27,81.04348599317774
10,1,750,167,80.45762576028966
10,1,775,129,79.84123778396707
10,1,800,59,79.19988383536139
10,1,850,62,77.86344080253212
10,2,1700,18,61.223741228281426
10,2,1900,48,59.10132212882701
10,2,2400,22,18.915340753370685
10,2,300,103,82.08688657889826
10,2,400,22,83.9775034698144
10,2,725,20,79.1920103395426
10,2,750,102,78.43191597154902
10,2,775,150,77.64820571400588
10,2,800,53,76.846603189257
10,2,850,65,75.21148197118629
10,3,1700,12,59.54372580465525
10,3,1900,79,58.150571998405496
10,3,2400,24,19.95294805302575
10,3,300,106,85.13404546143312
10,3,400,35,86.1367310491699
10,3,725,29,78.88260954930257
10,3,750,130,77.96709878057692
10,3,775,141,77.03370367668714
10,3,800,71,76.0882793932654
10,3,850,65,74.18358901068888
10,4,1700,21,58.74569057958098
10,4,1900,47,57.827436386116744
10,4,2400,23,20.921525664143985
10,4,300,99,88.57432254135011
10,4,400,30,88.84471681223687
10,4,725,14,79.54164470274583
10,4,750,139,78.49562045224621
10,4,775,122,77.43619259549479
10,4,800,52,76.36931494010088
10,4,850,44,74.23581853657407
10,5,1700,14,58.482846370854816
10,5,1900,57,57.813060606801
10,5,2400,10,21.570611988911253
10,5,300,98,91.7783959841002
10,5,400,35,91.49602862213243
10,5,725,14,80.64014955404883
10,5,750,118,79.49420338089504
10,5,775,152,78.33804361251197
10,5,800,58,77.17768771193033
10,5,850,44,74.86722787331047
10,6,1700,12,58.49135354585479
10,6,1900,60,57.876598282444604
10,6,2400,10,21.752324402128863
10,6,300,97,94.21547651909742
10,6,400,36,93.57976599246496
10,6,725,28,81.73302817584437
10,6,750,115,80.5228039887773
10,6,775,123,79.3042553079652
10,6,800,57,78.08342673683029
10,6,850,48,75.65786608310401
10,7,1700,22,58.61167493886052
10,7,1900,78,57.89448386354735
10,7,2400,9,21.43525373969561
10,7,300,88,95.48777070553507
10,7,400,49,94.7132454712376
10,7,725,22,82.48996915432173
10,7,750,117,81.25530089013438
10,7,775,146,80.0129143861962
10,7,800,45,78.76884399991496
10,7,850,49,76.29854364150407
10,8,1700,17,58.800021716863114
10,8,1900,76,57.859806322365614
10,8,2400,15,20.708498913409414
10,8,300,90,95.35401265593492
10,8,400,44,94.66488125665302
10,8,725,27,82.71593097313627
10,8,750,115,81.49977996040644
10,8,775,182,80.27527840060458
10,8,800,63,79.04841259392225
10,8,850,61,76.61029561758943
10,9,1700,10,59.12908797857045
10,9,1900,71,57.88110353234907
10,9,2400,10,19.775481703640537
10,9,300,97,93.74058004584032
10,9,400,34,93.36480993867764
10,9,725,22,82.35987535899068
10,9,750,128,81.20710404758239
10,9,775,143,80.04417904988833
10,9,800,55,78.87700145542868
10,9,850,54,76.55227145641794
10,10,1700,11,59.77812277298682
10,10,1900,79,58.170734523264684
10,10,2400,19,18.937974437565856
10,10,300,71,90.73965239631099
10,10,400,29,90.90274590197106
10,10,725,28,81.51134353976187
10,10,750,126,80.4673714561871
10,10,775,141,79.4103603594379
10,10,800,59,78.34608993495596
10,10,850,69,76.2176945123395
10,11,1700,7,61.0132318560357
10,11,1900,66,59.02380860213481
10,11,2400,17,18.571533610171457
10,11,300,101,86.59484122365785
10,11,400,31,87.51351827874561
10,11,725,18,80.38540902601773
10,11,750,120,79.4948041101855
10,11,775,159,78.58729911310394
10,11,800,72,77.66851797681039
10,11,850,56,75.81846209469614
10,12,1700,14,63.15956701929127
10,12,1900,66,60.78938900011809
10,12,2400,20,19.094196427413692
10,12,300,82,81.67564521269043
10,12,400,41,83.55165511757178
10,12,725,25,79.29742308955275
10,12,750,121,78.60248622546743
10,12,775,144,77.88593373948271
10,12,800,58,77.15320184708645
10,12,850,40,75.6598259972746
11,1,1700,21,65.66090224374449
11,1,1900,95,62.045869173769745
11,1,2400,14,19.031976327660516
11,1,300,100,80.68688767148734
11,1,400,47,84.36757437599982
11,1,725,26,83.88691232222874
11,1,750,181,83.35785031179722
11,1,775,193,82.79069796442519
11,1,800,47,82.19120317727749
11,1,850,119,80.91711991666699
11,2,1700,17,62.59730419058934
11,2,1900,85,59.96636197113577
11,2,2400,21,19.699393493771197
11,2,300,79,82.76779286521952
11,2,400,30,85.42847942228428
11,2,725,23,82.10976798733492
11,2,750,136,81.4026860912748
11,2,775,164,80.66429077138338
11,2,800,36,79.90049904958533
11,2,850,71,78.31928752970663
11,3,1700,21,60.85138893105642
11,3,1900,76,58.9370357668343
11,3,2400,13,20.68449993652422
11,3,300,104,85.92836063966053
11,3,400,38,87.69641591437932
11,3,725,17,81.87647286068051
11,3,750,171,81.01059122466933
11,3,775,171,80.11903195942824
11,3,800,49,79.20784989917985
11,3,850,82,77.34968903359942
11,4,1700,22,60.01080538722118
11,4,1900,67,58.56647073243613
11,4,2400,17,21.644252590162353
11,4,300,89,89.47259743752176
11,4,400,45,90.50210598107543
11,4,725,20,82.60121374728288
11,4,750,136,81.60180696596609
11,4,775,171,80.58114919149403
11,4,800,32,79.545399115865
11,4,850,76,77.45207718538614
11,5,1700,17,59.715878809900744
11,5,1900,82,58.52267591978699
11,5,2400,18,22.31415081123515
11,5,300,103,92.76086757311379
11,5,400,30,93.22945605706656
11,5,725,21,83.74347867827993
11,5,750,148,82.64145586499973
11,5,775,209,81.52136139381793
11,5,800,48,80.38942165244254
11,5,850,68,78.11370987734364
11,6,1700,21,59.690048148506605
11,6,1900,75,58.56158059010369
11,6,2400,13,22.531677451567077
11,6,300,91,95.25355195569892
11,6,400,45,95.35836871916064
11,6,725,25,84.8479191626032
11,6,750,159,83.67916825776803
11,6,775,184,82.49426850355331
11,6,800,30,81.29947628239125
11,6,850,64,78.90402532062609
11,7,1700,22,59.761963765832036
11,7,1900,104,58.54707601223373
11,7,2400,19,22.251011871154617
11,7,300,104,96.54600146360491
11,7,400,51,96.49894165786128
11,7,725,19,85.57584841164527
11,7,750,156,84.38035955134575
11,7,775,196,83.16940630848359
11,7,800,31,81.9492364654837
11,7,850,82,79.50502051991526
11,8,1700,24,59.87760583260416
11,8,1900,91,58.461096075862145
11,8,2400,28,21.54784440173927
11,8,300,110,96.39243519535404
11,8,400,36,96.4147389542016
11,8,725,26,85.7261947611226
11,8,750,140,84.54698920627953
11,8,775,149,83.35180882432934
11,8,800,43,82.14685397845852
11,8,850,74,79.73121134562854
11,9,1700,16,60.101579292139206
11,9,1900,96,58.40301549029783
11,9,2400,21,20.613887484167492
11,9,300,106,94.71727805928487
11,9,400,38,95.0336611484384
11,9,725,20,85.24455956094272
11,9,750,152,84.12646103324397
11,9,775,153,82.99074855823739
11,9,800,32,81.84353666857379
11,9,850,59,79.53787789777226
11,10,1700,24,60.60760292010701
11,10,1900,78,58.578488451807345
11,10,2400,23,19.74147795718119
11,10,300,127,91.6133839395373
11,10,400,33,92.4458872438666
11,10,725,25,84.2199565324484
11,10,750,150,83.20825112844278
11,10,775,175,82.17625014319884
11,10,800,32,81.12994501677923
11,10,850,66,79.01721856315663
11,11,1700,18,61.65906350443066
11,11,1900,82,59.27868323947433
11,11,2400,26,19.2994335601
11,11,300,84,87.32757319140393
11,11,400,37,88.88933719246444
11,11,725,18,82.86975928104613
11,11,750,152,82.00879659217054
11,11,775,155,81.1239174243895
11,11,800,31,80.22095473463952
11,11,850,88,78.38297474618622
11,12,1700,18,63.581282828359974
11,12,1900,59,60.85161732986336
11,12,2400,15,19.702001794416276
11,12,300,98,82.23484650033816
11,12,400,30,84.7240288574506
11,12,725,31,81.51427740868922
11,12,750,174,80.84606995230598
11,12,775,174,80.14950330626772
11,12,800,44,79.43021894806253
11,12,850,83,77.94496881116021
12,1,1700,27,66.5486085870728
12,1,1900,124,62.557815358177606
12,1,2400,40,19.981394308659503
12,1,300,207,81.81721319110903
12,1,400,110,86.06747414788725
12,1,725,91,86.55671900151384
12,1,750,109,86.052067000823
12,1,775,171,85.50296483475569
12,1,800,53,84.91534441324649
12,1,850,96,83.64724267013327
12,2,1700,19,63.35378118738328
12,2,1900,91,60.32806479675884
12,2,2400,37,20.51765812802506
12,2,300,181,83.98344138457497
12,2,400,86,87.2089031472463
12,2,725,78,84.82336219952077
12,2,750,106,84.13676788892582
12,2,775,147,83.41237616937752
12,2,800,39,82.6562950829869
12,2,850,95,81.07241487935272
12,3,1700,36,61.51854274696262
12,3,1900,115,59.19772326188496
12,3,2400,39,21.43145156384736
12,3,300,216,87.23222757898867
12,3,400,167,89.55990142590991
12,3,725,120,84.63997645467344
12,3,750,115,83.79120511447064
12,3,775,161,82.91018204996755
12,3,800,48,82.00315913639525
12,3,850,127,80.13499886964229
12,4,1700,38,60.61957537362861
12,4,1900,140,58.764354635157645
12,4,2400,48,22.368161110618814
12,4,300,189,90.85798230100073
12,4,400,135,92.44127965925537
12,4,725,99,85.41013599756508
12,4,750,108,84.42497190927344
12,4,775,166,83.41192900781635
12,4,800,40,82.37736795149277
12,4,850,112,80.26798021620954
12,5,1700,28,60.285242241341905
12,5,1900,140,58.68370144967804
12,5,2400,39,23.0499788504315
12,5,300,245,94.21205548607423
12,5,400,171,95.22756036131642
12,5,725,109,86.5829787468104
12,5,750,134,85.49277975754404
12,5,775,169,84.37786567429094
12,5,800,38,83.24466867059556
12,5,850,126,80.94797866360778
12,6,1700,39,60.22673828418584
12,6,1900,128,58.69890545273694
12,6,2400,27,23.300104617679892
12,6,300,211,96.74690209113788
12,6,400,160,97.39031871185608
12,6,725,108,87.69366046841634
12,6,750,127,86.53468124897
12,6,775,166,85.35293316466442
12,6,800,44,84.15488114929423
12,6,850,110,81.73453613425619
12,7,1700,34,60.260899693367094
12,7,1900,129,58.6612875913018
12,7,2400,48,23.05825284913618
12,7,300,200,98.05147362560848
12,7,400,184,98.53284414329784
12,7,725,82,88.3953905837555
12,7,750,102,87.20789020453986
12,7,775,147,85.99836820358206
12,7,800,39,84.77328246897406
12,7,850,127,82.30105936169304
12,8,1700,33,60.32298946648763
12,8,1900,136,58.541132786002265
12,8,2400,38,22.386247478953294
12,8,300,206,97.87545927995626
12,8,400,169,98.4137803349152
12,8,725,99,88.48083627231273
12,8,750,134,87.30799762771886
12,8,775,190,86.11272851928544
12,8,800,44,84.90143977085637
12,8,850,112,82.45526129411911
12,9,1700,24,60.46857662075155
12,9,1900,117,58.42771633352123
12,9,2400,41,21.463255281062004
12,9,300,178,96.14085114196888
12,9,400,133,96.95824839360313
12,9,725,105,87.89151814587996
12,9,750,126,86.77821636277469
12,9,775,177,85.64098403880081
12,9,800,32,84.48614546439813
12,9,850,110,82.14777709829679
12,10,1700,28,60.86449354541429
12,10,1900,107,58.518660531848866
12,10,2400,29,20.57101205092505
12,10,300,178,92.94026780030282
12,10,400,135,94.25591278169696
12,10,725,96,86.71475552301155
12,10,750,109,85.7062214676883
12,10,775,149,84.671249663232
12,10,800,46,83.61603955825586
12,10,850,106,81.46855734134834
12,11,1700,29,61.76971787107715
12,11,1900,116,59.099549317467165
12,11,2400,41,20.070172125215606
12,11,300,178,88.5224611435263
12,11,400,114,90.54643362335293
12,11,725,93,85.16867846304405
12,11,750,107,84.30910965919276
12,11,775,118,83.41968927842782
12,11,800,42,82.50645552267116
12,11,850,134,80.6315887833228
12,12,1700,18,63.50781206930725
12,12,1900,108,60.51548802796634
12,12,2400,39,20.369595458796823
12,12,300,183,83.26637390798379
12,12,400,111,86.19368309273369
12,12,725,90,83.5767262174125
12,12,750,142,82.90790164968377
12,12,775,184,82.20501911143975
12,12,800,40,81.4739216457495
12,12,850,132,79.94938298452718
13,1,1700,18,66.73708002760424
13,1,1900,92,62.49707164518287
13,1,2400,25,20.915988279852456
13,1,300,134,83.30786839989406
13,1,400,67,87.92646883641311
13,1,725,70,88.86941883120409
13,1,750,71,88.35822395862152
13,1,775,150,87.79746113476386
13,1,800,24,87.19324273997
13,1,850,99,85.8778776853108
13,2,1700,16,63.37961720255072
13,2,1900,92,60.08727496062812
13,2,2400,14,21.297241370052063
13,2,300,126,85.52958062365025
13,2,400,70,89.11732273928675
13,2,725,63,87.14625889825794
13,2,750,85,86.44909698604198
13,2,775,123,85.70890701009586
13,2,800,19,84.93198421609151
13,2,850,118,83.29206228028153
13,3,1700,28,61.43023935676348
13,3,1900,97,58.83214344913023
13,3,2400,23,22.11939867504435
13,3,300,151,88.83884711401726
13,3,400,81,91.52324825681018
13,3,725,66,86.98436287821852
13,3,750,99,86.12167618097402
13,3,775,142,85.22142290493531
13,3,800,21,84.29004790001301
13,3,850,116,82.35861331166626
13,4,1700,31,60.456053447087754
13,4,1900,91,58.31955309135475
13,4,2400,27,23.01742572230461
13,4,300,134,92.52217942965609
13,4,400,83,94.45683393466271
13,4,725,67,87.77833588900131
13,4,750,88,86.77654550133985
13,4,775,128,85.74150813421903
13,4,800,17,84.67978217282172
13,4,850,96,82.50136785372916
13,5,1700,22,60.074462362707266
13,5,1900,117,58.19393067814627
13,5,2400,24,23.701028334864816
13,5,300,161,95.92327306892577
13,5,400,91,97.28455822572897
13,5,725,63,88.96822848605763
13,5,750,110,87.85926168998077
13,5,775,149,86.72019087712425
13,5,800,18,85.55764957163075
13,5,850,77,83.18753748833507
13,6,1700,26,59.98496597467266
13,6,1900,92,58.186143333543725
13,6,2400,21,23.979563723114836
13,6,300,172,98.48760030023942
13,6,400,76,99.4705801164094
13,6,725,61,90.08050679964464
13,6,750,124,88.90109767212954
13,6,775,137,87.69354360919198
13,6,800,17,86.4645133668858
13,6,850,85,83.96753455212121
13,7,1700,34,59.99264501100362
13,7,1900,117,58.13498217927582
13,7,2400,22,23.778312325961735
13,7,300,163,99.79818569751689
13,7,400,134,100.61181042548225
13,7,725,67,90.76057663299099
13,7,750,100,89.55135674645163
13,7,775,134,88.31478596303378
13,7,800,22,87.05752736923415
13,7,850,84,84.50643119427724
13,8,1700,33,60.02160557948474
13,8,1900,96,57.99864410984475
13,8,2400,30,23.14484941096117
13,8,300,166,99.60016516404386
13,8,400,70,100.46189689212798
13,8,725,45,90.79461919002671
13,8,750,106,89.59902660989275
13,8,775,124,88.37575468728056
13,8,800,8,87.13141976340222
13,8,850,96,84.60486462725413
13,9,1700,16,60.11746353104928
13,9,1900,105,57.85540834566956
13,9,2400,28,22.2450226060285
13,9,300,180,97.812584670239
13,9,400,79,98.94260785862963
13,9,725,55,90.11933663146584
13,9,750,90,88.98238079200047
13,9,775,146,87.81635856285749
13,9,800,14,86.62779895906743
13,9,850,79,84.20803750824808
13,10,1700,21,60.43881932942196
13,10,1900,102,57.89356001610241
13,10,2400,33,21.348848438319976
13,10,300,168,94.52686014589591
13,10,400,80,96.1420599429951
13,10,725,58,88.81914605608864
13,10,750,78,87.78607470260641
13,10,775,142,86.72157369676307
13,10,800,15,85.63204542762497
13,10,850,77,83.40239459393007
13,11,1700,15,61.23854215261264
13,11,1900,86,58.391457956993975
13,11,2400,14,20.807422371632413
13,11,300,132,89.99231762329902
13,11,400,74,92.30022585227954
13,11,725,55,87.11132657822628
13,11,750,98,86.22624658796514
13,11,775,133,85.30649570915585
13,11,800,11,84.35831226619877
13,11,850,78,82.40051160466129
13,12,1700,28,62.83647667629003
13,12,1900,131,59.68941185842442
13,12,2400,20,21.02262875165644
13,12,300,116,84.5901815760738
13,12,400,65,87.78309931811992
13,12,725,57,85.3205339763702
13,12,750,125,84.62504187147016
13,12,775,145,83.8908707752783
13,12,800,22,83.12406022830356
13,12,850,92,81.51562942724223
14,1,1700,14,66.1378461584066
14,1,1900,80,61.78747469154797
14,1,2400,26,21.778590427304437
14,1,300,124,84.97321662769565
14,1,400,35,89.76360322608917
14,1,725,24,90.66353466368702
14,1,750,169,90.11656488899126
14,1,775,300,89.51617694203406
14,1,800,41,88.86865890662767
14,1,850,79,87.45639419256287
14,2,1700,15,62.585255140413494
14,2,1900,109,59.166874941395065
14,2,2400,18,21.979955295741377
14,2,300,81,87.21761523730339
14,2,400,29,90.96993418234734
14,2,725,12,88.9145672953785
14,2,750,159,88.177540485973
14,2,775,224,87.39353412467273
14,2,800,42,86.56902556373126
14,2,850,71,84.82337338785902
14,3,1700,12,60.495958591789815
14,3,1900,84,57.762257280836195
14,3,2400,24,22.689003050836902
14,3,300,104,90.55748003661603
14,3,400,34,93.40058149804491
14,3,725,21,88.74396257496147
14,3,750,188,87.83811752435241
14,3,775,293,86.89067634652412
14,3,800,42,85.90827144541646
14,3,850,82,83.86402274132371
14,4,1700,12,59.428948104923904
14,4,1900,78,57.15320716589514
14,4,2400,14,23.53150149210734
14,4,300,90,94.27318553704418
14,4,400,39,96.36166685797826
14,4,725,17,89.53906744988518
14,4,750,164,88.49157702889016
14,4,775,290,87.40675729060996
14,4,800,37,86.29135856052045
14,4,850,89,83.99471732695775
14,5,1700,11,58.99173863033894
14,5,1900,107,56.9738597677827
14,5,2400,17,24.20557331603078
14,5,300,108,97.70218440904165
14,5,400,24,99.21301784527924
14,5,725,20,90.73216616366363
14,5,750,149,89.57563599579618
14,5,775,284,88.3848934480996
14,5,800,45,87.16676744580792
14,5,850,124,84.67455054912745
14,6,1700,17,58.87275294699822
14,6,1900,91,56.94339444723329
14,6,2400,16,24.507259991616877
14,6,300,121,100.28394545759176
14,6,400,44,101.41232697156403
14,6,725,25,91.84188771264627
14,6,750,102,90.61363275991636
14,6,775,252,89.35312645923506
14,6,800,37,88.0672352454315
14,6,850,99,85.4456211728396
14,7,1700,20,58.86543923639357
14,7,1900,98,56.88818361706609
14,7,2400,19,24.347525396952108
14,7,300,122,101.59605702000073
14,7,400,53,102.55057750919178
14,7,725,20,92.50616636952356
14,7,750,154,91.24728383425492
14,7,775,315,89.95697434161804
14,7,800,38,88.642099911049
14,7,850,133,85.96495841474854
14,8,1700,8,58.882362697619385
14,8,1900,99,56.753960938611556
14,8,2400,30,23.759396194462454
14,8,300,116,101.37907765240772
14,8,400,37,102.37634861507496
14,8,725,22,92.50448792052003
14,8,750,167,91.25875510868019
14,8,775,293,89.98132558085518
14,8,800,38,88.67901476885191
14,8,850,100,86.0258713489605
14,9,1700,14,58.95831306235442
14,9,1900,91,56.60716646653992
14,9,2400,20,22.894701603702117
14,9,300,119,99.54857348777324
14,9,400,34,100.80746611787282
14,9,725,31,91.76799586896988
14,9,750,165,90.58063118225647
14,9,775,281,89.3602690152332
14,9,800,36,88.1136366544236
14,9,850,111,85.5673458330387
14,10,1700,7,59.24234367491982
14,10,1900,81,56.62548318639193
14,10,2400,28,22.010682939355604
14,10,300,93,96.193750748171
14,10,400,48,97.92942980880645
14,10,725,30,90.37697638359197
14,10,750,172,89.29330948515809
14,10,775,256,88.17439448157558
14,10,800,23,87.02683017709597
14,10,850,94,84.67104814034275
14,11,1700,17,59.97953038017687
14,11,1900,70,57.078429245692234
14,11,2400,18,21.44752900829218
14,11,300,100,91.56309375542361
14,11,400,25,93.98104300287406
14,11,725,21,88.54621093260386
14,11,750,203,87.61031369530275
14,11,775,242,86.63606418208684
14,11,800,28,85.62989446519379
14,11,850,99,83.54645365396601
14,12,1700,12,61.48403936087226
14,12,1900,76,58.2996435698372
14,12,2400,23,21.59859124244423
14,12,300,110,86.03837294255237
14,12,400,32,89.32861664564581
14,12,725,24,86.59960188375072
14,12,750,157,85.8529348278683
14,12,775,315,85.06406665594506
14,12,800,34,84.23922699629867
14,12,850,77,82.50552231348803
15,1,1700,2,64.68741483086734
15,1,1900,93,60.375717578896285
15,1,2400,22,22.52729977935843
15,1,300,99,86.64581174673032
15,1,400,45,91.41799501817178
15,1,725,21,91.80228253851266
15,1,750,193,91.19228522931763
15,1,775,209,90.52629873589859
15,1,800,86,89.81078073119744
15,1,850,81,88.2560083508618
15,2,1700,3,60.906767663320636
15,2,1900,77,57.51322572190139
15,2,2400,13,22.52340516308351
15,2,300,119,88.87775404836822
15,2,400,36,92.60364090963077
15,2,725,19,89.98977073575253
15,2,750,163,89.1856003634569
15,2,775,203,88.3317899521283
15,2,800,51,87.43499243560683
15,2,850,76,85.53802901828777
15,3,1700,1,58.65126828642707
15,3,1900,92,55.933946113495324
15,3,2400,27,23.097110183575126
15,3,300,116,92.21663559202744
15,3,400,35,95.02718994969501
15,3,725,30,89.77896114686547
15,3,750,179,88.80275927820213
15,3,775,222,87.78222891907382
15,3,800,54,86.72418316901559
15,3,850,70,84.5217401298508
15,4,1700,1,57.47330695989177
15,4,1900,95,55.210626433862046
15,4,2400,24,23.866269761074648
15,4,300,109,95.93850605119616
15,4,400,45,97.99010319504333
15,4,725,19,90.55170587145068
15,4,750,162,89.43149881453456
15,4,775,204,88.27117773244055
15,4,800,39,87.07767780012392
15,4,850,65,84.6177938373915
15,5,1700,1,56.97164470477611
15,5,1900,82,54.968199068167735
15,5,2400,22,24.518400715802557
15,5,300,114,99.37602919045486
15,5,400,30,100.8469945139189
15,5,725,35,91.73389282029194
15,5,750,170,90.50306039375602
15,5,775,235,89.23519960900768
15,5,800,47,87.93732734483666
15,5,850,71,85.2785059322926
15,6,1700,3,56.82431125818431
15,6,1900,100,54.91481333929943
15,6,2400,24,24.836838606865342
15,6,300,151,101.96368158887736
15,6,400,48,103.05007432210215
15,6,725,22,92.83720926019697
15,6,750,143,91.5337364785085
15,6,775,228,90.1951872464054
15,6,800,50,88.82861809029083
15,6,850,72,86.03852366347593
15,7,1700,15,56.81331226580761
15,7,1900,92,54.86460727838886
15,7,2400,26,24.71843597113576
15,7,300,148,103.27412634251988
15,7,400,51,104.18487310604206
15,7,725,30,93.49248480852867
15,7,750,147,92.15801613354444
15,7,775,223,90.7893090879191
15,7,800,44,89.3934168635281
15,7,850,77,86.54716400631906
15,8,1700,14,56.8393525211107
15,8,1900,108,54.75054810928151
15,8,2400,15,24.18145931440114
15,8,300,132,103.04332770268985
15,8,400,58,103.99483992797133
15,8,725,17,93.4723249350248
15,8,750,151,92.15105053522376
15,8,775,210,90.79530464609735
15,8,800,45,89.41209393771743
15,8,850,64,86.59018527095787
15,9,1700,13,56.925581266856454
15,9,1900,85,54.62646061541483
15,9,2400,25,23.36310478684055
15,9,300,122,101.18283136944984
15,9,400,44,102.39326590794036
15,9,725,17,92.70158697441758
15,9,750,152,91.4389995916211
15,9,775,219,90.14069912293081
15,9,800,41,88.81360321752464
15,9,850,78,86.09959091487718
15,10,1700,5,57.210239278320216
15,10,1900,91,54.65821948579861
15,10,2400,17,22.50685951924271
15,10,300,131,97.77860531680955
15,10,400,48,99.46194826049424
15,10,725,19,91.25519686970466
15,10,750,132,90.09676519418673
15,10,775,244,88.90045065244368
15,10,800,39,87.67304058565816
15,10,850,70,85.15100203234425
15,11,1700,5,57.92896247647178
15,11,1900,76,55.10493398090358
15,11,2400,15,21.940723571373667
15,11,300,115,93.07684058911792
15,11,400,33,95.43700798095261
15,11,725,26,89.34377750355299
15,11,750,156,88.33358737330519
15,11,775,215,87.28251132043471
15,11,800,32,86.19716724839265
15,11,850,75,83.94909685638078
15,12,1700,10,59.388302444658905
15,12,1900,89,56.291731200319475
15,12,2400,14,22.048009571692376
15,12,300,113,87.45806834583738
15,12,400,50,90.68322398757329
15,12,725,19,87.28847955253542
15,12,750,155,86.46789676819418
15,12,775,239,85.60269876326521
15,12,800,50,84.69929756151424
15,12,850,82,82.80252262737878
16,1,1700,11,62.34830221461772
16,1,1900,46,58.23222590848337
16,1,2400,14,23.13612665595093
16,1,300,85,88.1789734760062
16,1,400,23,92.75130016065697
16,1,725,20,92.17565931348173
16,1,750,63,91.47759002355116
16,1,775,125,90.72223747678464
16,1,800,53,89.91622142902298
16,1,850,81,88.17772184316738
16,2,1700,20,58.30690777607043
16,2,1900,69,55.09706253381256
16,2,2400,9,22.901654335896012
16,2,300,79,90.36162792512215
16,2,400,29,93.87856011365903
16,2,725,18,90.26084928179654
16,2,750,75,89.364505933678
16,2,775,94,88.41715067656725
16,2,800,25,87.42560421635454
16,2,850,64,85.3362185224799
16,3,1700,11,55.858895088000565
16,3,1900,75,53.31792739467011
16,3,2400,20,23.317436692970944
16,3,300,96,93.66672191696881
16,3,400,57,96.26206390735052
16,3,725,26,89.97754988521802
16,3,750,88,88.90606865258479
16,3,775,119,87.78882136038038
16,3,800,26,86.6327936153105
16,3,850,72,84.23129887308488
16,4,1700,10,54.55160643073788
16,4,1900,66,52.46222433055692
16,4,2400,17,23.994749380807036
16,4,300,75,97.36782762018657
16,4,400,33,99.20045379450704
16,4,725,16,90.70391833036439
16,4,750,72,89.48626635168722
16,4,775,114,88.22701086776607
16,4,800,34,86.93326339005608
16,4,850,57,84.26966812492202
16,5,1700,16,53.976235130671114
16,5,1900,59,52.1468271486886
16,5,2400,11,24.611545750606012
16,5,300,98,100.79430587454073
16,5,400,30,102.04460091308675
16,5,725,19,91.86085502483212
16,5,750,78,90.5312682233128
16,5,775,119,89.16312698952999
16,5,800,31,87.76362738681229
16,5,850,79,84.8982456019042
16,6,1700,13,53.801164301210804
16,6,1900,79,52.06957976768928
16,6,2400,11,24.939143902968055
16,6,300,101,103.3766801679015
16,6,400,42,104.24224854130108
16,6,725,15,92.95403988955542
16,6,750,74,91.55124917785025
16,6,775,113,90.1118357535018
16,6,800,29,88.64303721213975
16,6,850,65,85.64513119772192
16,7,1700,14,53.797216189756284
16,7,1900,81,52.03264525147853
16,7,2400,25,24.860578331063437
16,7,300,101,104.68322134708097
16,7,400,55,105.37397475818972
16,7,725,25,93.60760207419327
16,7,750,75,92.17386838764679
16,7,775,124,90.70434705776307
16,7,800,27,89.20627329179143
16,7,850,78,86.15230206347798
16,8,1700,9,53.85298838876071
16,8,1900,84,51.95600050549939
16,8,2400,23,24.379237223827943
16,8,300,127,104.44529733286646
16,8,400,40,105.17805628857269
16,8,725,14,93.58711525629434
16,8,750,88,92.16710394958892
16,8,775,127,90.71108638485049
16,8,800,19,89.22625128483588
16,8,850,67,86.19778198625528
16,9,1700,6,53.979247740059066
16,9,1900,70,51.88015875699813
16,9,2400,14,23.617163243511015
16,9,300,82,102.56989933699907
16,9,400,49,103.56266882571828
16,9,725,22,92.81045070338979
16,9,750,73,91.44998410146974
16,9,775,106,90.05230169063753
16,9,800,31,88.62450217229372
16,9,850,78,85.70586016371482
16,10,1700,6,54.302225548832496
16,10,1900,66,51.95805660060461
16,10,2400,10,22.803201113420357
16,10,300,98,99.13872589643535
16,10,400,50,100.60482377653199
16,10,725,19,91.34596488595372
16,10,750,67,90.09069908845805
16,10,775,146,88.79609665773052
16,10,800,43,87.46912424629801
16,10,850,95,84.74487263200018
16,11,1700,13,55.04653258157879
16,11,1900,56,52.43689562419269
16,11,2400,16,22.25196288638864
16,11,300,85,94.39421055580925
16,11,400,42,96.53643961265726
16,11,725,18,89.3984719568619
16,11,750,71,88.29254841897665
16,11,775,103,87.14435025163067
16,11,800,35,85.96067203852755
16,11,850,67,83.5130215495231
16,12,1700,8,56.50922127500991
16,12,1900,71,53.63150915381658
16,12,2400,13,22.335288251033774
16,12,300,99,88.71383715069197
16,12,400,45,91.71889660416156
16,12,725,27,87.28437328236424
16,12,750,78,86.36909842003325
16,12,775,134,85.40789942082512
16,12,800,38,84.40736169731127
16,12,850,106,82.31361741790562
17,1,1700,13,59.109477067584805
17,1,1900,65,55.35148656174016
17,1,2400,19,23.59521386892476
17,1,300,97,89.44880218237842
17,1,400,28,93.64959660084816
17,1,725,26,91.70190110740833
17,1,750,131,90.89312028861633
17,1,775,188,90.0270229263445
17,1,800,79,89.11038220602524
17,1,850,61,87.15162155240643
17,2,1700,18,54.77556120714172
17,2,1900,38,51.91383073046774
17,2,2400,14,23.105455192377406
17,2,300,59,91.54433480505787
17,2,400,19,94.67993456115101
17,2,725,23,89.64575970629113
17,2,750,114,88.63466115045622
17,2,775,173,87.57245114606513
17,2,800,44,86.4661090099001
17,2,850,40,84.14795852468552
17,3,1700,11,52.109187961279815
17,3,1900,70,49.91010187416788
17,3,2400,26,23.340815946259966
17,3,300,84,94.7821152202635
17,3,400,28,96.98982983831621
17,3,725,19,89.25742454730818
17,3,750,129,88.06821580499337
17,3,775,210,86.83308175449957
17,3,800,56,85.5591710040647
17,3,850,57,82.92258890380282
17,4,1700,18,50.654229381744074
17,4,1900,63,48.90388022398139
17,4,2400,16,23.907361283145576
17,4,300,97,98.43510473725502
17,4,400,28,99.8769673922946
17,4,725,22,89.9131783962369
17,4,750,150,88.57583969376748
17,4,775,186,87.19668671199935
17,4,800,69,85.78299749794706
17,4,850,53,82.88006769457962
17,5,1700,17,49.995539478044805
17,5,1900,60,48.50517083509868
17,5,2400,15,24.474579253143304
17,5,300,100,101.83086897895583
17,5,400,23,102.6899699114768
17,5,725,19,91.03037112500198
17,5,750,120,89.58006176455848
17,5,775,186,88.09094526706423
17,5,800,60,86.57038678081909
17,5,850,50,83.46332887344425
17,6,1700,17,49.79265891627466
17,6,1900,57,48.40229905224288
17,6,2400,15,24.802532161258853
17,6,300,108,104.39704066997757
17,6,400,23,104.87315447620159
17,6,725,12,92.1096445107799
17,6,750,110,90.58590302731346
17,6,775,186,89.02525494235698
17,6,800,55,87.43510862559589
17,6,850,53,84.1948671155481
17,7,1700,19,49.805556453022575
17,7,1900,71,48.3857882695159
17,7,2400,13,24.760817303366196
17,7,300,105,105.69805492353436
17,7,400,23,106.00267444865341
17,7,725,19,92.76887064199792
17,7,750,104,91.21463049091864
17,7,775,197,89.62429926408032
17,7,800,67,88.00528369124396
17,7,850,57,84.70973582546168
17,8,1700,12,49.91055543518843
17,8,1900,65,48.362487118178535
17,8,2400,21,24.337923707535367
17,8,300,100,105.46070372686182
17,8,400,31,105.81161905911387
17,8,725,23,92.76648187086931
17,8,750,115,91.22693382048266
17,8,775,195,89.65106873251017
17,8,800,63,88.04624675216138
17,8,850,47,84.77808791960734
17,9,1700,8,50.10538365428903
17,9,1900,68,48.35899254795032
17,9,2400,19,23.64032295591852
17,9,300,111,103.5869096960999
17,9,400,24,104.20249303446354
17,9,725,16,92.01270567419152
17,9,750,94,90.53404617446023
17,9,775,186,89.01786516179737
17,9,800,60,87.4714318667032
17,9,850,33,84.3158151185674
17,10,1700,19,50.50315264332704
17,10,1900,68,48.51426640424717
17,10,2400,20,22.88143235804847
17,10,300,119,100.1530866677279
17,10,400,30,101.24646046241861
17,10,725,17,90.56815992223011
17,10,750,87,89.19627142271958
17,10,775,217,87.78475803809516
17,10,800,54,86.34075520255311
17,10,850,35,83.38277546450655
17,11,1700,17,51.3159467842018
17,11,1900,53,49.062194123580696
17,11,2400,15,22.361376135999592
17,11,300,87,95.39645707874325
17,11,400,26,97.16973365946279
17,11,725,15,88.63023573283891
17,11,750,126,87.40934905987189
17,11,775,168,86.14592884081532
17,11,800,69,84.8469359704107
17,11,850,43,82.16905920484015
17,12,1700,23,52.82951221626382
17,12,1900,74,50.30561690320275
17,12,2400,19,22.439177549619046
17,12,300,85,89.68965341363611
17,12,400,26,92.32843754787638
17,12,725,26,86.50861699182889
17,12,750,135,85.48000804076611
17,12,775,240,84.405256501221
17,12,800,41,83.29111091617625
17,12,850,70,80.97065278218389
18,1,1700,20,54.98621584156382
18,1,1900,90,51.751827119995426
18,1,2400,18,23.91063472531124
18,1,300,147,90.35560511388059
18,1,400,69,94.02466054094867
18,1,725,74,90.32829307857565
18,1,750,80,89.3887288319641
18,1,775,157,88.3930460173836
18,1,800,34,87.34816133688975
18,1,850,101,85.13752335029159
18,2,1700,17,50.32959620572393
18,2,1900,80,47.983460031348216
18,2,2400,23,23.142045811357377
18,2,300,132,92.32588302236064
18,2,400,83,94.91942375537502
18,2,725,49,88.09225303802333
18,2,750,78,86.94642781051908
18,2,775,144,85.75063395037097
18,2,800,29,84.51199903616026
18,2,850,81,81.93374203818922
18,3,1700,30,47.41997018772264
18,3,1900,102,45.73133017381434
18,3,2400,30,23.175000967832887
18,3,300,180,95.4626181720053
18,3,400,122,97.12205519560695
18,3,725,70,87.5666121782636
18,3,750,94,86.23986589638326
18,3,775,158,84.86828322871617
18,3,800,15,83.45916500835693
18,3,850,109,80.5565135556538
18,4,1700,22,45.799326195782044
18,4,1900,123,44.556725905408086
18,4,2400,33,23.61174529049123
18,4,300,180,99.04003096112893
18,4,400,160,99.9311475790567
18,4,725,73,88.12760338268373
18,4,750,86,86.65098600467928
18,4,775,142,85.13359205744592
18,4,800,30,83.58285491490852
18,4,850,92,80.41004372049821
18,5,1700,21,45.04743890560741
18,5,1900,98,44.064008376135746
18,5,2400,29,24.11444502941987
18,5,300,171,102.38541051492604
18,5,400,120,102.69458203854111
18,5,725,81,89.19048035931365
18,5,750,98,87.60012650846721
18,5,775,156,85.97195600178412
18,5,800,11,84.31349168371554
18,5,850,95,80.93471143096423
18,6,1700,20,44.81586356780491
18,6,1900,95,43.93282820973792
18,6,2400,25,24.43273582357898
18,6,300,168,104.92457933401994
18,6,400,167,104.8543114337811
18,6,725,81,90.25184570318407
18,6,750,75,88.58814866652784
18,6,775,121,86.88849350655101
18,6,800,30,85.16044776812879
18,6,850,108,81.64838129567607
18,7,1700,22,44.854116321196045
18,7,1900,108,43.94248035461743
18,7,2400,35,24.42324424939244
18,7,300,158,106.21871794372447
18,7,400,151,105.98262059250584
18,7,725,77,90.92379875077341
18,7,750,109,89.23040679474826
18,7,775,154,87.50183646609395
18,7,800,40,85.74565431468756
18,7,850,104,82.17964446152502
18,8,1700,25,45.026165477189636
18,8,1900,92,43.98663838724343
18,8,2400,43,24.059639709288888
18,8,300,178,105.99009232975033
18,8,400,115,105.80743053551879
18,8,725,74,90.95757068107224
18,8,750,104,89.28023760419484
18,8,775,134,87.56747143937565
18,8,800,22,85.82679196195414
18,8,850,99,82.29070189378064
18,9,1700,22,45.316140135037415
18,9,1900,93,44.0774806413977
18,9,2400,28,23.432515003311266
18,9,300,145,104.13507529968439
18,9,400,124,104.22505800174287
18,9,725,61,90.25514355577644
18,9,750,86,88.64047312881331
18,9,775,130,86.98914393146725
18,9,800,20,85.30858386628125
18,9,850,96,81.88842702180074
18,10,1700,22,45.82302516852752
18,10,1900,88,44.339066108096006
18,10,2400,33,22.739189841792097
18,10,300,165,100.72381503120806
18,10,400,113,101.29979864540684
18,10,725,65,88.86828718879434
18,10,750,80,87.36241730498324
18,10,775,144,85.81777186671417
18,10,800,21,84.24164334303742
18,10,850,108,81.02307367840723
18,11,1700,25,46.74498249152413
18,11,1900,75,44.99066568995141
18,11,2400,37,22.264314919815945
18,11,300,167,95.98690267085868
18,11,400,94,97.25069489089248
18,11,725,71,86.98541547864107
18,11,750,88,85.63269166133279
18,11,775,116,84.23827806116634
18,11,800,15,82.80929026921905
18,11,850,93,79.87505174014251
18,12,1700,24,48.35474722158352
18,12,1900,76,46.32153681300798
18,12,2400,25,22.35286256788487
18,12,300,165,90.29034587516463
18,12,400,121,92.42679673372578
18,12,725,72,84.90758422919345
18,12,750,97,83.74927384344875
18,12,775,129,82.54566662034296
18,12,800,14,81.30366283189534
18,12,850,87,78.73110130951346
19,1,1700,14,50.01937797971942
19,1,1900,81,47.4746566954712
19,1,2400,19,24.103777625183568
19,1,300,106,90.82471953294981
19,1,400,53,93.81462300464437
19,1,725,28,88.0313261945924
19,1,750,89,86.94360184572025
19,1,775,152,85.80214570665004
19,1,800,61,84.61400692024864
19,1,850,89,82.12495829101346
19,2,1700,21,45.01212099703508
19,2,1900,67,43.34958749129902
19,2,2400,12,23.03452204998422
19,2,300,108,92.63201829449855
19,2,400,38,94.53576174159417
19,2,725,19,85.57802516722614
19,2,750,65,84.28024032036075
19,2,775,135,82.93482903391151
19,2,800,30,81.54905562757295
19,2,850,99,78.68451589425268
19,3,1700,39,41.83578957175297
19,3,1900,71,40.82664911926287
19,3,2400,28,22.844034732665307
19,3,300,151,95.63429263756944
19,3,400,58,96.59791046844867
19,3,725,34,84.88362131164496
19,3,750,92,83.40229327346998
19,3,775,139,81.87842257052063
19,3,800,55,80.31945031394963
19,3,850,106,77.12496502319146
19,4,1700,17,40.03206863364932
19,4,1900,84,39.46636628641892
19,4,2400,18,23.132138580316962
19,4,300,99,99.1088793460006
19,4,400,52,99.30242210574971
19,4,725,26,85.32610992457222
19,4,750,74,83.69339896066259
19,4,775,124,82.02215409454249
19,4,800,40,80.31995175875664
19,4,850,71,76.85195122517717
19,5,1700,24,39.176934456031006
19,5,1900,82,38.868705509037966
19,5,2400,9,23.55485671726302
19,5,300,108,102.38430990665466
19,5,400,42,101.99794467476414
19,5,725,23,86.32010926794129
19,5,750,85,84.57316154675237
19,5,775,155,82.79058747377377
19,5,800,43,80.98005496570141
19,5,850,125,77.30473679818198
19,6,1700,22,38.91486073547304
19,6,1900,66,38.70553738569316
19,6,2400,15,23.852287541933322
19,6,300,120,104.88569011923056
19,6,400,75,104.12514459330879
19,6,725,24,87.3592063114341
19,6,750,71,85.53930197438268
19,6,775,126,83.68557734151574
19,6,800,46,81.80574626673871
19,6,850,77,77.99755921921707
19,7,1700,19,38.98538282191686
19,7,1900,88,38.745414726323645
19,7,2400,20,23.868636751227598
19,7,300,143,106.17155218774889
19,7,400,50,105.25302360257075
19,7,725,28,88.05025364878412
19,7,750,81,86.20178397297815
19,7,775,164,84.32022226431974
19,7,800,40,82.4132819096597
19,7,850,72,78.55305503852315
19,8,1700,40,39.240124349460814
19,8,1900,92,38.86888478331849
19,8,2400,19,23.562935427053446
19,8,300,106,105.95972229938008
19,8,400,52,105.10439505795176
19,8,725,24,88.13727825378402
19,8,750,80,86.30658469983274
19,8,775,161,84.44249494952629
19,8,800,32,82.55267535862032
19,8,850,118,78.72545452168953
19,9,1700,33,39.64916354276312
19,9,1900,73,39.0733165486493
19,9,2400,21,23.009705950240743
19,9,300,116,104.14058747428527
19,9,400,41,103.56892176186767
19,9,725,23,87.513484299798
19,9,750,55,85.74759948341699
19,9,775,119,83.94704611842491
19,9,800,47,82.11939782120709
19,9,850,86,78.41206758202708
19,10,1700,18,40.296470644436624
19,10,1900,80,39.46706068960003
19,10,2400,21,22.38962472590748
19,10,300,117,100.7771009890169
19,10,400,49,100.70306811227448
19,10,725,29,86.22076214206783
19,10,750,80,84.56609822045021
19,10,775,127,82.87460579532154
19,10,800,46,81.15372145449538
19,10,850,77,77.6525026143284
19,11,1700,16,41.36501392913516
19,11,1900,61,40.25360345065229
19,11,2400,17,21.97101102134212
19,11,300,110,96.09185823801118
19,11,400,49,96.71730537196373
19,11,725,34,84.43707770183784
19,11,750,83,82.93811146999025
19,11,775,143,81.39936322567183
19,11,800,56,79.82809052560725
19,11,850,86,76.6160114461639
19,12,1700,15,43.11293834059717
19,12,1900,69,41.70715516673255
19,12,2400,18,22.08367690681581
19,12,300,107,90.44252490485843
19,12,400,42,91.95185243514453
19,12,725,22,82.45303275540238
19,12,750,77,81.15103779558586
19,12,775,140,79.80561862695714
19,12,800,33,78.42381474637324
19,12,850,111,75.57825760052248
20,1,1700,12,44.27412447092894
20,1,1900,100,42.58319084674105
20,1,2400,18,24.21033708549686
20,1,300,111,90.80673250333012
20,1,400,43,92.98400924148183
20,1,725,39,84.8162111714667
20,1,750,171,83.56573686242001
20,1,775,173,82.26505167344686
20,1,800,41,80.92132505468936
20,1,850,84,78.13251386108487
20,2,1700,7,38.89117153672515
20,2,1900,66,38.078252621380955
20,2,2400,16,22.820805413405026
20,2,300,121,92.41443400352028
20,2,400,34,93.49478444255539
20,2,725,48,82.11021081060272
20,2,750,134,80.64606328740803
20,2,775,182,79.13777551726918
20,2,800,31,77.59273588071693
20,2,850,55,74.4209996008288
20,3,1700,10,35.42658984394831
20,3,1900,92,35.26395130511838
20,3,2400,23,22.387207402895285
20,3,300,139,95.24966636548953
20,3,400,45,95.38419119880956
20,3,725,64,81.21692580098926
20,3,750,102,79.56682843931804
20,3,775,207,77.8776311607001
20,3,800,28,76.15690224174278
20,3,850,80,72.65013144391952
20,4,1700,11,33.42331956955633
20,4,1900,77,33.70155793417899
20,4,2400,22,22.508335718907176
20,4,300,122,98.59471164632879
20,4,400,53,97.95816659022995
20,4,725,32,81.51789776410834
20,4,750,109,79.71514550678722
20,4,775,188,77.87725107929174
20,4,800,38,76.01192049356933
20,4,850,77,72.22875561546272
20,5,1700,10,32.454829273760254
20,5,1900,81,32.98790708338521
20,5,2400,23,22.835272980235743
20,5,300,145,101.78085169665093
20,5,400,37,100.56762459944031
20,5,725,49,82.42856540814347
20,5,750,118,80.51133640442669
20,5,775,180,78.56181537087497
20,5,800,34,76.58780153988874
20,5,850,91,72.59645315068366
20,6,1700,19,32.15945581139778
20,6,1900,73,32.78802858321461
20,6,2400,24,23.099522991349943
20,6,300,168,104.23357657098705
20,6,400,53,102.65303323620202
20,6,725,44,83.44054272691238
20,6,750,82,81.45102081045508
20,6,775,182,79.43095037009363
20,6,800,32,77.38817762539867
20,6,850,66,73.26485961592363
20,7,1700,20,32.267294979043356
20,7,1900,78,32.86029244194316
20,7,2400,23,23.133499887794017
20,7,300,169,105.50940188690612
20,7,400,50,103.78072607655514
20,7,725,41,84.15600352731809
20,7,750,105,82.13933685457624
20,7,775,188,80.09278344916339
20,7,800,28,78.02418943076219
20,7,850,73,73.8512109895567
20,8,1700,13,32.6177313612464
20,8,1900,96,33.072266979743574
20,8,2400,12,22.88188024706352
20,8,300,172,105.32184224168697
20,8,400,43,103.66851656996397
20,8,725,39,84.31183049632483
20,8,750,100,82.3149596769511
20,8,775,203,80.28782871911636
20,8,800,25,78.23823644777468
20,8,850,75,74.10181656491869
20,9,1700,17,33.1664566201037
20,9,1900,94,33.40624045647593
20,9,2400,30,22.40304451007279
20,9,300,174,103.55491954756172
20,9,400,53,102.19901041926306
20,9,725,43,83.79199843421185
20,9,750,103,81.86239452250112
20,9,775,166,79.90118724682208
20,9,800,27,77.91608177861445
20,9,850,72,73.9039647475841
20,10,1700,17,33.9816707687317
20,10,1900,97,33.95418475217622
20,10,2400,30,21.86061304576316
20,10,300,158,100.26353140878956
20,10,400,43,99.41995302473907
20,10,725,53,82.62758214152592
20,10,750,111,80.81193990798084
20,10,775,168,78.96246281558007
20,10,800,24,77.08671753067784
20,10,850,74,73.28567951070391
20,11,1700,12,35.2300201159199
20,11,1900,83,34.90277577891567
20,11,2400,15,21.505855133877333
20,11,300,129,95.66098953826832
20,11,400,47,95.53192707978116
20,11,725,47,80.98473388011945
20,11,750,105,79.3276690172791
20,11,775,171,77.63374439664432
20,11,800,29,75.91034570540825
20,11,850,50,72.40368925641843
20,12,1700,10,37.153627387553854
20,12,1900,99,36.50986151547869
20,12,2400,25,21.65245320868445
20,12,300,157,90.09498164937423
20,12,400,48,90.86465259987773
20,12,725,48,79.14188579434659
20,12,750,95,77.68468539120687
20,12,775,174,76.18691249589784
20,12,800,39,74.65573232812704
20,12,850,82,71.52086832216838
21,1,1700,14,37.838114332917314
21,1,1900,67,37.16069529065891
21,1,2400,18,24.278940290202
21,1,300,82,90.27711066699004
21,1,400,30,91.52317718342266
21,1,725,27,80.71577402187569
21,1,750,171,79.29080213409208
21,1,775,245,77.8202083955187
21,1,800,63,76.3112694646955
21,1,850,60,73.20655743517665
21,2,1700,24,32.05786536058105
21,2,1900,53,32.25609949878009
21,2,2400,10,22.55223585064624
21,2,300,90,91.65037860570402
21,2,400,28,91.78884281884558
21,2,725,29,77.72424583730054
21,2,750,128,76.08221706232536
21,2,775,198,74.4006113615581
21,2,800,53,72.68692755743206
21,2,850,52,69.19237291602286
21,3,1700,34,28.2858394416765
21,3,1900,68,29.13216291863165
21,3,2400,18,21.85763086893013
21,3,300,102,94.28732753835385
21,3,400,25,93.47471654275097
21,3,725,16,76.60380747435221
21,3,750,130,74.77366368574832
21,3,775,213,72.90894440835137
21,3,800,62,71.01733096002528
21,3,850,43,67.1831633870973
21,4,1700,34,26.06775436930576
21,4,1900,52,27.352380291151633
21,4,2400,19,21.79425995358571
21,4,300,102,97.4769699096799
21,4,400,32,95.8930995636768
21,4,725,19,76.7412868124523
21,4,750,132,74.75746585862026
21,4,775,227,72.74297600618621
21,4,800,76,70.70563835175955
21,4,850,31,66.59269290706317
21,5,1700,17,24.975860768740233
21,5,1900,63,26.511719514023127
21,5,2400,19,22.00948100614943
21,5,300,118,100.55482434784454
21,5,400,31,98.39865064297584
21,5,725,22,77.55438314102531
21,5,750,153,75.45609968395394
21,5,775,256,73.32993522813587
21,5,800,79,71.18380549499881
21,5,850,40,66.86228260114905
21,6,1700,18,24.643337241559777
21,6,1900,49,26.269346126300945
21,6,2400,25,22.22719110915233
21,6,300,96,102.94786783228875
21,6,400,35,100.43273188705672
21,6,725,19,78.53379321721542
21,6,750,125,76.3641364664548
21,6,775,207,74.16827012172536
21,6,800,47,71.95415773034284
21,6,850,45,67.50200758583043
21,7,1700,24,24.791448809163114
21,7,1900,64,26.374077260483602
21,7,2400,18,22.26871731179955
21,7,300,117,104.21125609827169
21,7,400,36,101.55965276080707
21,7,725,23,79.27762158547586
21,7,750,111,77.08249612960964
21,7,775,222,74.86174223266818
21,7,800,75,72.62332359566818
21,7,850,51,68.1243031787929
21,8,1700,22,25.247544380203465
21,8,1900,61,26.680749911182204
21,8,2400,14,22.064766825813706
21,8,300,107,104.05436759554897
21,8,400,34,101.49238700787492
21,8,725,23,79.51573463199776
21,8,750,129,77.3426784644692
21,8,775,229,75.14353261410389
21,8,800,47,72.92621321575308
21,8,850,40,68.46768084539173
21,9,1700,23,25.95271700546101
21,9,1900,64,27.15642585683628
21,9,2400,15,21.6576300058735
21,9,300,92,102.35454681993753
21,9,400,43,100.10615328332307
21,9,725,20,79.12251781676633
21,9,750,125,77.01943811309349
21,9,775,211,74.88883184523394
21,9,800,66,72.73852063735495
21,9,850,41,68.40904721042199
21,10,1700,16,26.95878528784334
21,10,1900,43,27.876172933836926
21,10,2400,19,21.19359761111292
21,10,300,74,99.15785855853784
21,10,400,27,97.43918083989803
21,10,725,25,78.11740510830742
21,10,750,101,76.13127707747873
21,10,775,255,74.11529276335597
21,10,800,69,72.0771340167451
21,10,850,41,67.96402031938152
21,11,1700,13,28.415103716601436
21,11,1900,46,29.00898983300459
21,11,2400,14,20.906319543217535
21,11,300,78,94.6671391804087
21,11,400,33,93.68094995556777
21,11,725,21,76.65349457168878
21,11,750,123,74.82907132391512
21,11,775,245,72.97166537224285
21,11,800,62,71.08877581982625
21,11,850,47,67.27557204940268
21,12,1700,23,30.546506854200118
21,12,1900,74,30.7952122783866
21,12,2400,12,21.092531642185634
21,12,300,83,89.2185664914835
21,12,400,26,89.14912581129857
21,12,725,26,74.99546695872806
21,12,750,141,73.37404881141293
21,12,775,212,71.7158314908923
21,12,800,66,70.02809151747016
21,12,850,50,66.5922159944933
